-- phpMyAdmin SQL Dump
-- version 5.2.1
-- https://www.phpmyadmin.net/
--
-- Host: 127.0.0.1:3306
-- Generation Time: Oct 08, 2024 at 07:31 AM
-- Server version: 8.0.30
-- PHP Version: 8.1.10

SET SQL_MODE = "NO_AUTO_VALUE_ON_ZERO";
START TRANSACTION;
SET time_zone = "+00:00";


/*!40101 SET @OLD_CHARACTER_SET_CLIENT=@@CHARACTER_SET_CLIENT */;
/*!40101 SET @OLD_CHARACTER_SET_RESULTS=@@CHARACTER_SET_RESULTS */;
/*!40101 SET @OLD_COLLATION_CONNECTION=@@COLLATION_CONNECTION */;
/*!40101 SET NAMES utf8mb4 */;

--
-- Database: `emonev_db`
--

-- --------------------------------------------------------

--
-- Table structure for table `activity_log`
--

CREATE TABLE `activity_log` (
  `id` bigint UNSIGNED NOT NULL,
  `log_name` varchar(200) CHARACTER SET utf8mb3 COLLATE utf8mb3_unicode_ci DEFAULT NULL,
  `description` text CHARACTER SET utf8mb3 COLLATE utf8mb3_unicode_ci NOT NULL,
  `subject_type` varchar(200) CHARACTER SET utf8mb3 COLLATE utf8mb3_unicode_ci DEFAULT NULL,
  `event` varchar(200) CHARACTER SET utf8mb3 COLLATE utf8mb3_unicode_ci DEFAULT NULL,
  `subject_id` bigint UNSIGNED DEFAULT NULL,
  `causer_type` varchar(200) CHARACTER SET utf8mb3 COLLATE utf8mb3_unicode_ci DEFAULT NULL,
  `causer_id` bigint UNSIGNED DEFAULT NULL,
  `properties` longtext CHARACTER SET utf8mb3 COLLATE utf8mb3_bin,
  `batch_uuid` char(36) CHARACTER SET utf8mb3 COLLATE utf8mb3_unicode_ci DEFAULT NULL,
  `created_at` timestamp NULL DEFAULT NULL,
  `updated_at` timestamp NULL DEFAULT NULL
) ENGINE=InnoDB DEFAULT CHARSET=utf8mb3 COLLATE=utf8mb3_unicode_ci;

--
-- Dumping data for table `activity_log`
--

INSERT INTO `activity_log` (`id`, `log_name`, `description`, `subject_type`, `event`, `subject_id`, `causer_type`, `causer_id`, `properties`, `batch_uuid`, `created_at`, `updated_at`) VALUES
(1, 'login', 'login', NULL, 'logged', NULL, 'App\\Models\\User', 1, '[]', NULL, '2024-10-08 03:41:35', '2024-10-08 03:41:35'),
(2, 'logout', 'logout aplikasi', 'App\\Models\\User', 'logout', 1, 'App\\Models\\User', 1, '[]', NULL, '2024-10-08 03:41:47', '2024-10-08 03:41:47'),
(3, 'login', 'login', NULL, 'logged', NULL, 'App\\Models\\User', 1, '[]', NULL, '2024-10-08 03:48:13', '2024-10-08 03:48:13'),
(4, 'settings', 'memperbarui  data konfigurasi aplikasi', 'App\\Models\\Setting', 'updated', 1, 'App\\Models\\User', 1, '[]', NULL, '2024-10-08 03:51:35', '2024-10-08 03:51:35'),
(5, 'user', 'memperbarui  profil akun', 'App\\Models\\User', 'updated', 1, 'App\\Models\\User', 1, '{\"old\":{\"id\":1,\"username\":\"superadmin\",\"name\":\"Avril Lavigne\",\"email\":\"avril@gmail.com\",\"email_verified_at\":null,\"avatar\":\"users\\/usRilDDhGEAooa1SaASDLpWuOiecOWZCnW1EKrY8.png\",\"is_active\":1,\"unker_id\":0,\"created_at\":\"2022-08-10T21:40:00.000000Z\",\"updated_at\":\"2024-10-08T03:41:47.000000Z\",\"deleted_at\":null},\"new\":{\"id\":1,\"username\":\"superadmin\",\"name\":\"Avril Lavigne\",\"email\":\"avril@gmail.com\",\"email_verified_at\":null,\"avatar\":\"users\\/355E1lzftbUPLgzn6yjEJMPyVYpYwejxoSCKDdfT.jpg\",\"is_active\":1,\"unker_id\":0,\"created_at\":\"2022-08-11 04:40:00\",\"updated_at\":\"2024-10-08 10:51:48\",\"deleted_at\":null}}', NULL, '2024-10-08 03:51:48', '2024-10-08 03:51:48'),
(6, 'logout', 'logout aplikasi', 'App\\Models\\User', 'logout', 1, 'App\\Models\\User', 1, '[]', NULL, '2024-10-08 03:51:57', '2024-10-08 03:51:57'),
(7, 'login', 'login', NULL, 'logged', NULL, 'App\\Models\\User', 1, '[]', NULL, '2024-10-08 04:00:44', '2024-10-08 04:00:44'),
(8, 'logout', 'logout aplikasi', 'App\\Models\\User', 'logout', 1, 'App\\Models\\User', 1, '[]', NULL, '2024-10-08 04:07:42', '2024-10-08 04:07:42'),
(9, 'login', 'login', NULL, 'logged', NULL, 'App\\Models\\User', 1, '[]', NULL, '2024-10-08 04:07:54', '2024-10-08 04:07:54'),
(10, 'settings', 'memperbarui  data konfigurasi aplikasi', 'App\\Models\\Setting', 'updated', 1, 'App\\Models\\User', 1, '[]', NULL, '2024-10-08 06:03:38', '2024-10-08 06:03:38'),
(11, 'settings', 'memperbarui  data konfigurasi aplikasi', 'App\\Models\\Setting', 'updated', 1, 'App\\Models\\User', 1, '[]', NULL, '2024-10-08 06:03:42', '2024-10-08 06:03:42'),
(12, 'logout', 'logout aplikasi', 'App\\Models\\User', 'logout', 1, 'App\\Models\\User', 1, '[]', NULL, '2024-10-08 06:03:52', '2024-10-08 06:03:52'),
(13, 'login', 'login', NULL, 'logged', NULL, 'App\\Models\\User', 1, '[]', NULL, '2024-10-08 06:04:03', '2024-10-08 06:04:03');

-- --------------------------------------------------------

--
-- Table structure for table `failed_jobs`
--

CREATE TABLE `failed_jobs` (
  `id` bigint UNSIGNED NOT NULL,
  `uuid` varchar(200) CHARACTER SET utf8mb3 COLLATE utf8mb3_unicode_ci NOT NULL,
  `connection` text CHARACTER SET utf8mb3 COLLATE utf8mb3_unicode_ci NOT NULL,
  `queue` text CHARACTER SET utf8mb3 COLLATE utf8mb3_unicode_ci NOT NULL,
  `payload` longtext CHARACTER SET utf8mb3 COLLATE utf8mb3_unicode_ci NOT NULL,
  `exception` longtext CHARACTER SET utf8mb3 COLLATE utf8mb3_unicode_ci NOT NULL,
  `failed_at` timestamp NOT NULL DEFAULT CURRENT_TIMESTAMP
) ENGINE=InnoDB DEFAULT CHARSET=utf8mb3 COLLATE=utf8mb3_unicode_ci;

-- --------------------------------------------------------

--
-- Table structure for table `master_kegiatan`
--

CREATE TABLE `master_kegiatan` (
  `id_kegiatan` int NOT NULL,
  `id_program` int NOT NULL,
  `kode_rekening` varchar(50) CHARACTER SET utf8mb4 COLLATE utf8mb4_general_ci NOT NULL,
  `nama_kegiatan` varchar(255) CHARACTER SET utf8mb4 COLLATE utf8mb4_general_ci NOT NULL,
  `id_unker` int DEFAULT NULL,
  `is_active` tinyint(1) DEFAULT '1',
  `created_by` int DEFAULT NULL,
  `created_at` timestamp NULL DEFAULT NULL,
  `updated_by` int DEFAULT NULL,
  `updated_at` timestamp NULL DEFAULT NULL
) ENGINE=InnoDB DEFAULT CHARSET=utf8mb4 COLLATE=utf8mb4_general_ci;

-- --------------------------------------------------------

--
-- Table structure for table `master_misi_pemda`
--

CREATE TABLE `master_misi_pemda` (
  `id_misi` int NOT NULL,
  `nama_misi` varchar(255) CHARACTER SET utf8mb4 COLLATE utf8mb4_general_ci NOT NULL,
  `deskripsi` text CHARACTER SET utf8mb4 COLLATE utf8mb4_general_ci,
  `tahun_awal` varchar(4) COLLATE utf8mb4_general_ci DEFAULT NULL,
  `tahun_akhir` varchar(4) COLLATE utf8mb4_general_ci DEFAULT NULL,
  `is_active` tinyint(1) DEFAULT '1',
  `created_by` int DEFAULT NULL,
  `created_at` timestamp NULL DEFAULT NULL,
  `updated_by` int DEFAULT NULL,
  `updated_at` timestamp NULL DEFAULT NULL
) ENGINE=InnoDB DEFAULT CHARSET=utf8mb4 COLLATE=utf8mb4_general_ci;

--
-- Dumping data for table `master_misi_pemda`
--

INSERT INTO `master_misi_pemda` (`id_misi`, `nama_misi`, `deskripsi`, `tahun_awal`, `tahun_akhir`, `is_active`, `created_by`, `created_at`, `updated_by`, `updated_at`) VALUES
(1, 'Menciptakan Kehidupan yang religius (agamis), berbudaya, aman dan damai.', NULL, NULL, NULL, 1, 1, '2024-10-08 02:57:19', NULL, NULL),
(2, 'Mewujudkan \"good govenance\" untuk meningkatkan kualitas dan pemerataan pelayanan publik.', NULL, NULL, NULL, 1, 1, '2024-10-08 02:57:19', NULL, NULL),
(3, 'Meningkatkan kualitas sumber daya manusia dan mengembangkan upaya perlindungan anak, pemberdayaan perempuan dan penyandang disabilitas.', NULL, NULL, NULL, 1, 1, '2024-10-08 02:57:19', NULL, NULL),
(4, 'Mengembangkan infrastruktur guna meningkatkan efisiensi produksi dan konektivitas wilayah.', NULL, NULL, NULL, 1, 1, '2024-10-08 02:57:19', NULL, NULL),
(5, 'Membangun kekuatan ekonomi masyarakat berbasis pertanian dan wilayah perdesaan yang seimbang dengan wilayah perkotaan.', NULL, NULL, NULL, 1, 1, '2024-10-08 02:57:19', NULL, NULL),
(6, 'Mewujudkan pembangunan daerah berkelanjutan untuk kesejahteraan bersama.', NULL, NULL, NULL, 1, 1, '2024-10-08 02:57:19', NULL, NULL);

-- --------------------------------------------------------

--
-- Table structure for table `master_program`
--

CREATE TABLE `master_program` (
  `id_program` int NOT NULL,
  `id_sub_urusan` int NOT NULL,
  `kode_rekening` varchar(50) CHARACTER SET utf8mb4 COLLATE utf8mb4_general_ci NOT NULL,
  `nama_program` varchar(255) CHARACTER SET utf8mb4 COLLATE utf8mb4_general_ci NOT NULL,
  `id_unker` int DEFAULT NULL,
  `is_active` tinyint(1) DEFAULT '1',
  `created_by` int DEFAULT NULL,
  `created_at` timestamp NULL DEFAULT NULL,
  `updated_by` int DEFAULT NULL,
  `updated_at` timestamp NULL DEFAULT NULL
) ENGINE=InnoDB DEFAULT CHARSET=utf8mb4 COLLATE=utf8mb4_general_ci;

-- --------------------------------------------------------

--
-- Table structure for table `master_sub_kegiatan`
--

CREATE TABLE `master_sub_kegiatan` (
  `id_sub_kegiatan` int NOT NULL,
  `id_kegiatan` int NOT NULL,
  `kode_rekening` varchar(50) CHARACTER SET utf8mb4 COLLATE utf8mb4_general_ci NOT NULL,
  `nama_sub_kegiatan` varchar(255) CHARACTER SET utf8mb4 COLLATE utf8mb4_general_ci NOT NULL,
  `id_unker` int DEFAULT NULL,
  `is_active` tinyint(1) DEFAULT '1',
  `created_by` int DEFAULT NULL,
  `created_at` timestamp NULL DEFAULT NULL,
  `updated_by` int DEFAULT NULL,
  `updated_at` timestamp NULL DEFAULT NULL
) ENGINE=InnoDB DEFAULT CHARSET=utf8mb4 COLLATE=utf8mb4_general_ci;

-- --------------------------------------------------------

--
-- Table structure for table `master_sub_urusan`
--

CREATE TABLE `master_sub_urusan` (
  `id_sub_urusan` int NOT NULL,
  `id_urusan` int NOT NULL,
  `id_unker` int DEFAULT NULL,
  `is_active` tinyint(1) DEFAULT '1',
  `kode_rekening` varchar(50) CHARACTER SET utf8mb4 COLLATE utf8mb4_general_ci NOT NULL,
  `nama_sub_urusan` varchar(255) CHARACTER SET utf8mb4 COLLATE utf8mb4_general_ci NOT NULL,
  `created_by` int DEFAULT NULL,
  `created_at` timestamp NULL DEFAULT NULL,
  `updated_by` int DEFAULT NULL,
  `updated_at` timestamp NULL DEFAULT NULL
) ENGINE=InnoDB DEFAULT CHARSET=utf8mb4 COLLATE=utf8mb4_general_ci;

-- --------------------------------------------------------

--
-- Table structure for table `master_unker`
--

CREATE TABLE `master_unker` (
  `ID` int NOT NULL,
  `T_KUnker` varchar(42) CHARACTER SET utf8mb4 COLLATE utf8mb4_general_ci DEFAULT NULL,
  `Unit_Kerja` varchar(765) CHARACTER SET utf8mb4 COLLATE utf8mb4_general_ci DEFAULT NULL,
  `Kepala` varchar(765) CHARACTER SET utf8mb4 COLLATE utf8mb4_general_ci DEFAULT NULL,
  `Is_Active` tinyint(1) DEFAULT NULL
) ENGINE=InnoDB DEFAULT CHARSET=utf8mb4 COLLATE=utf8mb4_general_ci;

--
-- Dumping data for table `master_unker`
--

INSERT INTO `master_unker` (`ID`, `T_KUnker`, `Unit_Kerja`, `Kepala`, `Is_Active`) VALUES
(1, '1004010000', 'SEKRETARIAT DAERAH PROVINSI', 'SEKRETARIS DAERAH PROVINSI', 1),
(2, '1004020000', 'ASISTEN PEMERINTAHAN DAN KESEJAHTERAAN RAKYAT', 'ASISTEN PEMERINTAHAN DAN KESEJAHTERAAN RAKYAT', 1),
(3, '1004030000', 'ASISTEN PEREKONOMIAN, KEUANGAN DAN PEMBANGUNAN', 'ASISTEN PEREKONOMIAN, KEUANGAN DAN PEMBANGUNAN', 1),
(4, '1004040000', 'ASISTEN ADMINISTRASI UMUM', 'ASISTEN  ADMINISTRASI UMUM', 1),
(5, '1004050000', 'BIRO PEMERINTAHAN DAN OTONOMI DAERAH', 'KEPALA BIRO PEMERINTAHAN DAN OTONOMI DAERAH', 1),
(6, '1004060000', 'BIRO HUKUM', 'KEPALA BIRO HUKUM', 1),
(7, '1004070000', 'BIRO KESEJAHTERAAN RAKYAT', 'KEPALA BIRO KESEJAHTERAAN RAKYAT', 1),
(8, '1004080000', 'BIRO PEREKONOMIAN', 'KEPALA BIRO PEREKONOMIAN', 1),
(9, '1004090000', 'BIRO ADMINISTRASI PEMBANGUNAN', 'KEPALA BIRO ADMINISTRASI PEMBANGUNAN', 1),
(10, '1004100000', 'BIRO UMUM', 'KEPALA BIRO UMUM', 1),
(11, '1004110000', 'BIRO PENGADAAN BARANG DAN JASA', 'KEPALA BIRO PERLENGKAPAN', 1),
(12, '1004120000', 'BIRO ADMINISTRASI PIMPINAN', 'KEPALA BIRO HUBUNGAN MASYARAKAT DAN PROTOKOL', 1),
(13, '1004130000', 'BIRO ORGANISASI', 'KEPALA BIRO ORGANISASI', 1),
(14, '1004140000', 'STAF AHLI GUBERNUR BIDANG PEMERINTAHAN, HUKUM DAN POLITIK', 'STAF AHLI GUBERNUR BIDANG PEMERINTAHAN, HUKUM DAN POLITIK', 1),
(15, '1004150000', 'STAF AHLI GUBERNUR BIDANG EKONOMI, KEUANGAN DAN PEMBANGUNAN', 'STAF AHLI GUBERNUR BIDANG EKONOMI, KEUANGAN DAN PEMBANGUNAN', 1),
(16, '1004160000', 'STAF AHLI GUBERNUR BIDANG KEMASYARAKATAN DAN SUMBER DAYA MANUSIA', 'STAF AHLI GUBERNUR BIDANG KEMASYARAKATAN DAN SUMBER DAYA MANUSIA', 1),
(17, '1004170000', 'SEKRETARIAT DPRD', 'SEKRETARIS DPRD', 1),
(18, '1004180000', 'INSPEKTORAT PROVINSI', 'KEPALA INSPEKTORAT PROVINSI', 1),
(19, '1005010000', 'DINAS PENDIDIKAN DAN KEBUDAYAAN', 'KEPALA DINAS PENDIDIKAN DAN KEBUDAYAAN', 1),
(20, '1005020000', 'DINAS KESEHATAN', 'KEPALA DINAS KESEHATAN', 1),
(21, '1005030000', 'DINAS BINA MARGA DAN BINA KONSTRUKSI', 'KEPALA DINAS PEKERJAAN UMUM DAN PENATAAN RUANG', 1),
(22, '1005040000', 'DINAS PENGELOLAAN SUMBER DAYA AIR', 'KEPALA DINAS CIPTA KARYA DAN PENGELOLAAN SUMBER DAYA AIR', 1),
(23, '1005050000', 'SATUAN POLISI PAMONG PRAJA', 'KEPALA SATUAN POLISI PAMONG PRAJA', 1),
(24, '1005060000', 'DINAS SOSIAL', 'KEPALA DINAS SOSIAL', 1),
(25, '1005070000', 'DINAS TENAGA KERJA', 'KEPALA DINAS TENAGA KERJA', 1),
(26, '1005080000', 'DINAS PEMBERDAYAAN PEREMPUAN DAN PERLINDUNGAN ANAK', 'KEPALA DINAS PEMBERDAYAAN PEREMPUAN DAN PERLINDUNGAN ANAK', 1),
(27, '1005090000', 'DINAS PETERNAKAN DAN KESEHATAN HEWAN', 'KEPALA DINAS PETERNAKAN DAN KESEHATAN HEWAN', 1),
(28, '1005100000', 'DINAS LINGKUNGAN HIDUP', 'KEPALA DINAS LINGKUNGAN HIDUP', 1),
(29, '1005110000', 'DINAS KEPENDUDUKAN DAN PENCATATAN SIPIL', 'KEPALA DINAS KEPENDUDUKAN DAN CATATAN SIPIL', 1),
(30, '1005120000', 'DINAS PEMBERDAYAAN MASYARAKAT, DESA DAN TRANSMIGRASI', 'KEPALA DINAS PEMBERDAYAAN MASYARAKAT, DESA DAN TRANSMIGRASI', 1),
(31, '1005130000', 'DINAS PERHUBUNGAN', 'KEPALA DINAS PERHUBUNGAN', 1),
(32, '1005140000', 'DINAS KOMUNIKASI, INFORMATIKA DAN STATISTIK', 'KEPALA DINAS KOMUNIKASI, INFORMATIKA DAN STATISTIK', 1),
(33, '1005150000', 'DINAS KOPERASI, USAHA KECIL DAN MENENGAH', 'KEPALA DINAS KOPERASI, USAHA KECIL DAN MENENGAH', 1),
(34, '1005160000', 'DINAS PENANAMAN MODAL DAN PELAYANAN TERPADU SATU PINTU', 'KEPALA DINAS PENANAMAN MODAL DAN PELAYANAN TERPADU SATU PINTU', 1),
(35, '1005170000', 'DINAS PEMUDA DAN OLAHRAGA', 'KEPALA DINAS PEMUDA DAN OLAHRAGA', 1),
(36, '1005180000', 'DINAS PERPUSTAKAAN DAN KEARSIPAN', 'KEPALA DINAS PERPUSTAKAAN DAN KEARSIPAN', 1),
(37, '1005190000', 'DINAS KELAUTAN DAN PERIKANAN', 'KEPALA DINAS KELAUTAN DAN PERIKANAN', 1),
(38, '1005200000', 'DINAS PARIWISATA DAN EKONOMI KREATIF', 'KEPALA DINAS PARIWISATA DAN EKONOMI KREATIF', 1),
(39, '1005210000', 'DINAS KETAHANAN PANGAN, TANAMAN PANGAN, DAN HORTIKULTURA', 'KEPALA DINAS KETAHANAN PANGAN, TANAMAN PANGAN, DAN HORTIKULTURA', 1),
(40, '1005220000', 'DINAS PERKEBUNAN', 'KEPALA DINAS PERKEBUNAN', 1),
(41, '1005230000', 'DINAS KEHUTANAN', 'KEPALA DINAS KEHUTANAN', 1),
(42, '1005240000', 'DINAS ENERGI DAN SUMBER DAYA MINERAL', 'KEPALA DINAS ENERGI DAN SUMBER DAYA MINERAL', 1),
(43, '1005250000', 'DINAS PERINDUSTRIAN DAN PERDAGANGAN', 'KEPALA DINAS PERINDUSTRIAN DAN PERDAGANGAN', 1),
(44, '1005270000', 'DINAS PERUMAHAN,KAWASAN PERMUKIMAN DAN CIPTA KARYA', 'KEPALA DINAS PERUMAHAN,KAWASAN PERMUKIMAN DAN CIPTA KARYA', 1),
(45, '1006010000', 'BADAN PERENCANAAN PEMBANGUNAN DAERAH', 'KEPALA BADAN PERENCANAAN PEMBANGUNAN DAERAH', 1),
(46, '1006020000', 'BADAN PENGELOLAAN KEUANGAN DAN ASET  DAERAH', 'KEPALA BADAN PENGELOLAAN KEUANGAN DAN ASET DAERAH', 1),
(47, '1006030000', 'BADAN PENDAPATAN DAERAH', 'KEPALA BADAN PENDAPATAN DAERAH', 1),
(48, '1006040000', 'BADAN KEPEGAWAIAN DAERAH', 'KEPALA BADAN KEPEGAWAIAN DAERAH', 1),
(49, '1006050000', 'BADAN PENGEMBANGAN SUMBER DAYA MANUSIA DAERAH', 'KEPALA BADAN PENGEMBANGAN SUMBER DAYA MANUSIA DAERAH', 1),
(50, '1006060000', 'BADAN PENELITIAN DAN PENGEMBANGAN DAERAH', 'KEPALA BADAN PENELITIAN DAN PENGEMBANGAN DAERAH', 1),
(51, '1006070000', 'BADAN PENGHUBUNG', 'KEPALA BADAN PENGHUBUNG', 1),
(52, '1006080000', 'BADAN PENANGGULANGAN BENCANA DAERAH', 'KEPALA BADAN PENANGGULANGAN BENCANA DAERAH', 1),
(53, '1007010000', 'BADAN KESATUAN BANGSA DAN POLITIK DAERAH', 'KEPALA BADAN KESATUAN BANGSA DAN POLITIK DAERAH', 1),
(54, '1007030000', 'RUMAH SAKIT UMUM DAERAH Dr. H. ABDUL MOELOEK', 'DIREKTUR UMUM RUMAH SAKIT UMUM DAERAH DR. Hi. ABDUL MOELOEK', 1),
(55, '1007040000', 'RUMAH SAKIT JIWA DAERAH', 'DIREKTUR RUMAH SAKIT JIWA DAERAH', 1),
(56, '1008010000', 'SMAN 1 BANDAR LAMPUNG', 'KEPALA SMAN 1 BANDAR LAMPUNG', 0),
(57, '1008020000', 'SMAN 2 BANDAR LAMPUNG', 'KEPALA SMAN 2 BANDAR LAMPUNG', 0),
(58, '1008030000', 'SMAN 3 BANDAR LAMPUNG', 'KEPALA SMAN 3 BANDAR LAMPUNG', 0),
(59, '1008040000', 'SMAN 4 BANDAR LAMPUNG', 'KEPALA SMAN 4 BANDAR LAMPUNG', 0),
(60, '1008050000', 'SMAN 5 BANDAR LAMPUNG', 'KEPALA SMAN 5 BANDAR LAMPUNG', 0),
(61, '1008060000', 'SMAN 6 BANDAR LAMPUNG', 'KEPALA SMAN 6 BANDAR LAMPUNG', 0),
(62, '1008070000', 'SMAN 7 BANDAR LAMPUNG', 'KEPALA SMAN 7 BANDAR LAMPUNG', 0),
(63, '1008080000', 'SMAN 8 BANDAR LAMPUNG', 'KEPALA SMAN 8 BANDAR LAMPUNG', 0),
(64, '1008090000', 'SMAN 9 BANDAR LAMPUNG', 'KEPALA SMAN 9 BANDAR LAMPUNG', 0),
(65, '1008100000', 'SMAN 10 BANDAR LAMPUNG', 'KEPALA SMAN 10 BANDAR LAMPUNG', 0),
(66, '1008110000', 'SMAN 11 BANDAR LAMPUNG', 'KEPALA SMAN 11 BANDAR LAMPUNG', 0),
(67, '1008120000', 'SMAN 12 BANDAR LAMPUNG', 'KEPALA SMAN 12 BANDAR LAMPUNG', 0),
(68, '1008130000', 'SMAN 13 BANDAR LAMPUNG', 'KEPALA SMAN 13 BANDAR LAMPUNG', 0),
(69, '1008140000', 'SMAN 14 BANDAR LAMPUNG', 'KEPALA SMAN 14 BANDAR LAMPUNG', 0),
(70, '1008150000', 'SMAN 15 BANDAR LAMPUNG', 'KEPALA SMAN 15 BANDAR LAMPUNG', 0),
(71, '1008160000', 'SMAN 16 BANDAR LAMPUNG', 'KEPALA SMAN 16 BANDAR LAMPUNG', 0),
(72, '1008170000', 'SMAN 17 BANDAR LAMPUNG', 'KEPALA SMAN 17 BANDAR LAMPUNG', 0),
(73, '1008180000', 'SMKN 1 BANDAR LAMPUNG', 'KEPALA SMKN 1 BANDAR LAMPUNG', 0),
(74, '1008190000', 'SMKN 2 BANDAR LAMPUNG', 'KEPALA SMKN 2 BANDAR LAMPUNG', 0),
(75, '1008200000', 'SMKN 3 BANDAR LAMPUNG', 'KEPALA SMKN 3 BANDAR LAMPUNG', 0),
(76, '1008210000', 'SMKN 4 BANDAR LAMPUNG', 'KEPALA SMKN 4 BANDAR LAMPUNG', 0),
(77, '1008220000', 'SMKN 5 BANDAR LAMPUNG', 'KEPALA SMKN 5 BANDAR LAMPUNG', 0),
(78, '1008230000', 'SMKN 6 BANDAR LAMPUNG', 'KEPALA SMKN 6 BANDAR LAMPUNG', 0),
(79, '1008240000', 'SMKN 7 BANDAR LAMPUNG', 'KEPALA SMKN 7 BANDAR LAMPUNG', 0),
(80, '1008250000', 'SMKN 8 BANDAR LAMPUNG', 'KEPALA SMKN 8 BANDAR LAMPUNG', 0),
(81, '1008260000', 'SMAN 1 CANDIPURO LAMPUNG SELATAN', 'KEPALA SMAN 1 CANDIPURO LAMPUNG SELATAN', 0),
(82, '1008270000', 'SMAN 1 JATI AGUNG LAMPUNG SELATAN', 'KEPALA SMAN 1 JATI AGUNG LAMPUNG SELATAN', 0),
(83, '1008280000', 'SMAN 1 KALIANDA LAMPUNG SELATAN', 'KEPALA SMAN 1 KALIANDA LAMPUNG SELATAN', 0),
(84, '1008290000', 'SMAN 1 KATIBUNG LAMPUNG SELATAN', 'KEPALA SMAN 1 KATIBUNG LAMPUNG SELATAN', 0),
(85, '1008300000', 'SMAN 1 KETAPANG LAMPUNG SELATAN', 'KEPALA SMAN 1 KETAPANG LAMPUNG SELATAN', 0),
(86, '1008310000', 'SMAN 1 MERBAU MATARAM LAMPUNG SELATAN', 'KEPALA SMAN 1 MERBAU MATARAM LAMPUNG SELATAN', 0),
(87, '1008320000', 'SMAN 1 NATAR  LAMPUNG SELATAN', 'KEPALA SMAN 1 NATAR LAMPUNG SELATAN', 0),
(88, '1008330000', 'SMAN 1 PALAS LAMPUNG SELATAN', 'KEPALA SMAN 1 PALAS LAMPUNG SELATAN', 0),
(89, '1008340000', 'SMAN 1 PENENGAHAN LAMPUNG SELATAN', 'KEPALA SMAN 1 PENENGAHAN LAMPUNG SELATAN', 0),
(90, '1008350000', 'SMAN 1 RAJABASA LAMPUNG SELATAN', 'KEPALA SMAN 1 RAJABASA LAMPUNG SELATAN', 0),
(91, '1008360000', 'SMAN 1 SIDOMULYO LAMPUNG SELATAN', 'KEPALA SMAN 1 SIDOMULYO LAMPUNG SELATAN', 0),
(92, '1008370000', 'SMAN 1 SRAGI LAMPUNG SELATAN', 'KEPALA SMAN 1 SRAGI LAMPUNG SELATAN', 0),
(93, '1008380000', 'SMAN 1 TANJUNG BINTANG LAMPUNG SELATAN', 'KEPALA SMAN 1 TANJUNG BINTANG LAMPUNG SELATAN', 0),
(94, '1008390000', 'SMAN 1 WAY SULAN LAMPUNG SELATAN', 'KEPALA SMAN 1 WAY SULAN LAMPUNG SELATAN', 0),
(95, '1008400000', 'SMAN 2 KALIANDA LAMPUNG SELATAN', 'KEPALA SMAN 2 KALIANDA LAMPUNG SELATAN', 0),
(96, '1008410000', 'SMAN 2 NATAR LAMPUNG SELATAN', 'KEPALA SMAN 2 NATAR LAMPUNG SELATAN', 0),
(97, '1008420000', 'SMKN 1 BAKAUHENI LAMPUNG SELATAN', 'KEPALA SMKN 1 BAKAUHENI LAMPUNG SELATAN', 0),
(98, '1008430000', 'SMKN 1 CANDIPURO LAMPUNG SELATAN', 'KEPALA SMKN 1 CANDIPURO LAMPUNG SELATAN', 0),
(99, '1008440000', 'SMKN 1 KALIANDA LAMPUNG SELATAN', 'KEPALA SMKN 1 KALIANDA LAMPUNG SELATAN', 0),
(100, '1008450000', 'SMKN 1 KETAPANG LAMPUNG SELATAN', 'KEPALA SMKN 1 KETAPANG LAMPUNG SELATAN', 0),
(101, '1008460000', 'SMKN 1 NATAR LAMPUNG SELATAN', 'KEPALA SMKN 1 NATAR LAMPUNG SELATAN', 0),
(102, '1008470000', 'SMKN 1 SRAGI LAMPUNG SELATAN', 'KEPALA SMKN 1 SRAGI LAMPUNG SELATAN', 0),
(103, '1008480000', 'SMKN 2 KALIANDA LAMPUNG SELATAN', 'KEPALA SMKN 2 KALIANDA LAMPUNG SELATAN', 0),
(104, '1008490000', 'SMKN 1 SIDOMULYO LAMPUNG SELATAN', 'KEPALA SMKN SIDOMULYO LAMPUNG SELATAN', 0),
(105, '1008500000', 'SMKN TANJUNG SARI LAMPUNG SELATAN', 'KEPALA SMKN TANJUNG SARI LAMPUNG SELATAN', 0),
(106, '1008510000', 'SMAN 1 GEDONGTATAAN PESAWARAN', 'KEPALA SMAN 1 GEDONGTATAAN PESAWARAN', 0),
(107, '1008520000', 'SMAN 1 KEDONDONG PESAWARAN', 'KEPALA SMAN 1 KEDONDONG PESAWARAN', 0),
(108, '1008530000', 'SMAN 1 NEGERI KATON PESAWARAN', 'KEPALA SMAN 1 NEGERI KATON PESAWARAN', 0),
(109, '1008540000', 'SMAN 1 PADANG CERMIN PESAWARAN', 'KEPALA SMAN 1 PADANG CERMIN PESAWARAN', 0),
(110, '1008550000', 'SMAN 1 PUNDUH PEDADA PESAWARAN', 'KEPALA SMAN 1 PUNDUH PEDADA PESAWARAN', 0),
(111, '1008560000', 'SMAN 1 TEGINENENG PESAWARAN', 'KEPALA SMAN 1 TEGINENENG PESAWARAN', 0),
(112, '1008570000', 'SMAN 1 WAY KHILAU PESAWARAN', 'KEPALA SMAN 1 WAY KHILAU PESAWARAN', 0),
(113, '1008580000', 'SMAN 1 WAY LIMA PESAWARAN', 'KEPALA SMAN 1 WAY LIMA PESAWARAN', 0),
(114, '1008590000', 'SMAN 2 GEDONGTATAAN PESAWARAN', 'KEPALA SMAN 2 GEDONGTATAAN PESAWARAN', 0),
(115, '1008600000', 'SMAN 2 NEGERI KATON PESAWARAN', 'KEPALA SMAN 2 NEGERI KATON PESAWARAN', 0),
(116, '1008610000', 'SMAN 2 PADANG CERMIN PESAWARAN', 'KEPALA SMAN 2 PADANG CERMIN PESAWARAN', 0),
(117, '1008620000', 'SMAN 2 PUNDUH PEDADA PESAWARAN', 'KEPALA SMAN 2 PUNDUH PEDADA PESAWARAN', 0),
(118, '1008630000', 'SMAN 2 TEGINENENG PESAWARAN', 'KEPALA SMAN 2 TEGINENENG PESAWARAN', 0),
(119, '1008640000', 'SMKN 1 GEDONGTATAAN PESAWARAN', 'KEPALA SMKN 1 GEDONGTATAAN PESAWARAN', 0),
(120, '1008650000', 'SMKN 1 NEGERI KATON PESAWARAN', 'KEPALA SMKN 1 NEGERI KATON PESAWARAN', 0),
(121, '1008660000', 'SMKN 1 TEGINENENG PESAWARAN', 'KEPALA SMKN 1 TEGINENENG PESAWARAN', 0),
(122, '1008670000', 'SMKN PADANG CERMIN PESAWARAN', 'KEPALA SMKN PADANG CERMIN PESAWARAN', 0),
(123, '1008690000', 'SMKN 1 MERBAU MATARAM LAMPUNG SELATAN', 'KEPALA SMKN 1 MERBAU MATARAM LAMPUNG SELATAN', 0),
(124, '1008710000', 'SMKN 9 BANDAR LAMPUNG', 'KEPALA SMKN 9 BANDAR LAMPUNG', 0),
(125, '1008720000', 'SLB BINA INSANI BANDAR LAMPUNG', 'KEPALA SLB BINA INSANI BANDAR LAMPUNG', 0),
(126, '1008730000', 'SLB DHARMA BHAKTI DHARMA PERTIWI BANDAR LAMPUNG', 'KEPALA SLB DHARMA BHAKTI DHARMA PERTIWI BANDAR LAMPUNG', 0),
(127, '1008740000', 'SLB PKK PROVINSI LAMPUNG', 'KEPALA SLB PKK PROVINSI LAMPUNG', 0),
(128, '1008750000', 'SLB NEGERI SIDOMULYO LAMPUNG SELATAN', 'KEPALA SLB NEGERI SIDOMULYO LAMPUNG SELATAN', 0),
(131, '1008780000', 'SMAN 1 BAKAUHENI LAMPUNG SELATAN', 'KEPALA SMAN 1 BAKAUHENI LAMPUNG SELATAN', 0),
(132, '1008790000', 'SMKN 1 KETIBUNG LAMPUNG SELATAN', 'KEPALA SMKN 1 KETIBUNG LAMPUNG SELATAN', 0),
(133, '1008800000', 'SMAN 1 TANJUNG SARI LAMPUNG SELATAN', 'KEPALA SMAN 1 TANJUNG SARI LAMPUNG SELATAN', 0),
(134, '1009010000', 'SMAN 1 METRO', 'KEPALA SMAN 1 METRO', 0),
(135, '1009020000', 'SMAN 2 METRO', 'KEPALA SMAN 2 METRO', 0),
(136, '1009030000', 'SMAN 3 METRO', 'KEPALA SMAN 3 METRO', 0),
(137, '1009040000', 'SMAN 4 METRO', 'KEPALA SMAN 4 METRO', 0),
(138, '1009050000', 'SMAN 5 METRO', 'KEPALA SMAN 5 METRO', 0),
(139, '1009060000', 'SMAN 6 METRO', 'KEPALA SMAN 6 METRO', 0),
(140, '1009070000', 'SMAN OLAH RAGA METRO', 'KEPALA SMAN OLAH RAGA METRO', 0),
(142, '1009090000', 'SMKN 1 METRO', 'KEPALA SMKN 1 METRO', 0),
(143, '1009100000', 'SMKN 2 METRO', 'KEPALA SMKN 2 METRO', 0),
(144, '1009110000', 'SMKN 3 METRO', 'KEPALA SMKN 3 METRO', 0),
(145, '1009120000', 'SMKN 4 METRO', 'KEPALA SMKN 4 METRO', 0),
(146, '1009130000', 'SMAN 1 ANAK RATU AJI LAMPUNG TENGAH', 'KEPALA SMAN 1 ANAK RATU AJI LAMPUNG TENGAH', 0),
(147, '1009140000', 'SMAN 1 ANAK TUHA LAMPUNG TENGAH', 'KEPALA SMAN 1 ANAK TUHA LAMPUNG TENGAH', 0),
(148, '1009150000', 'SMAN 1 BANDAR SURABAYA LAMPUNG TENGAH', 'KEPALA SMAN 1 BANDAR SURABAYA LAMPUNG TENGAH', 0),
(149, '1009160000', 'SMAN 1 BANGUN REJO LAMPUNG TENGAH', 'KEPALA SMAN 1 BANGUN REJO LAMPUNG TENGAH', 0),
(150, '1009170000', 'SMAN 1 BUMI NABUNG LAMPUNG TENGAH', 'KEPALA SMAN 1 BUMI NABUNG LAMPUNG TENGAH', 0),
(151, '1009180000', 'SMAN 1 GUNUNG SUGIH LAMPUNG TENGAH', 'KEPALA SMAN 1 GUNUNG SUGIH LAMPUNG TENGAH', 0),
(152, '1009190000', 'SMAN 1 KALIREJO LAMPUNG TENGAH', 'KEPALA SMAN 1 KALIREJO LAMPUNG TENGAH', 0),
(153, '1009200000', 'SMAN 1 KOTA GAJAH LAMPUNG TENGAH', 'KEPALA SMAN 1 KOTA GAJAH LAMPUNG TENGAH', 0),
(154, '1009210000', 'SMAN 1 PADANG RATU LAMPUNG TENGAH', 'KEPALA SMAN 1 PADANG RATU LAMPUNG TENGAH', 0),
(155, '1009220000', 'SMAN 1 PUBIAN LAMPUNG TENGAH', 'KEPALA SMAN 1 PUBIAN LAMPUNG TENGAH', 0),
(156, '1009230000', 'SMAN 1 PUNGGUR LAMPUNG TENGAH', 'KEPALA SMAN 1 PUNGGUR LAMPUNG TENGAH', 0),
(157, '1009240000', 'SMAN 1 RUMBIA LAMPUNG TENGAH', 'KEPALA SMAN 1 RUMBIA LAMPUNG TENGAH', 0),
(158, '1009250000', 'SMAN 1 SENDANG AGUNG LAMPUNG TENGAH', 'KEPALA SMAN 1 SENDANG AGUNG LAMPUNG TENGAH', 0),
(159, '1009260000', 'SMAN 1 SEPUTIH AGUNG LAMPUNG TENGAH', 'KEPALA SMAN 1 SEPUTIH AGUNG LAMPUNG TENGAH', 0),
(160, '1009270000', 'SMAN 1 SEPUTIH BANYAK LAMPUNG TENGAH', 'KEPALA SMAN 1 SEPUTIH BANYAK LAMPUNG TENGAH', 0),
(161, '1009280000', 'SMAN 1 SEPUTIH MATARAM LAMPUNG TENGAH', 'KEPALA SMAN 1 SEPUTIH MATARAM LAMPUNG TENGAH', 0),
(162, '1009290000', 'SMAN 1 SEPUTIH RAMAN LAMPUNG TENGAH', 'KEPALA SMAN 1 SEPUTIH RAMAN LAMPUNG TENGAH', 0),
(163, '1009300000', 'SMAN 1 SEPUTIH SURABAYA LAMPUNG TENGAH', 'KEPALA SMAN 1 SEPUTIH SURABAYA LAMPUNG TENGAH', 0),
(164, '1009310000', 'SMAN 1 TERBANGGI BESAR LAMPUNG TENGAH', 'KEPALA SMAN 1 TERBANGGI BESAR LAMPUNG TENGAH', 0),
(165, '1009320000', 'SMAN 1 TERUSAN NUNYAI LAMPUNG TENGAH', 'KEPALA SMAN 1 TERUSAN NUNYAI LAMPUNG TENGAH', 0),
(166, '1009330000', 'SMAN 1 TRIMURJO LAMPUNG TENGAH', 'KEPALA SMAN 1 TRIMURJO LAMPUNG TENGAH', 0),
(167, '1009340000', 'SMAN 1 WAY PENGUBUAN LAMPUNG TENGAH', 'KEPALA SMAN 1 WAY PENGUBUAN LAMPUNG TENGAH', 0),
(168, '1009350000', 'SMKN 1 BUMIRATU NUBAN  LAMPUNG TENGAH', 'KEPALA SMKN 1 BUMIRATU NUBAN LAMPUNG TENGAH', 0),
(169, '1009360000', 'SMKN 1 SELAGAI LINGGA LAMPUNG TENGAH', 'KEPALA SMKN 1 SELAGAI LINGGA LAMPUNG TENGAH', 0),
(170, '1009370000', 'SMKN 1 SEPUTIH AGUNG LAMPUNG TENGAH', 'KEPALA SMKN 1 SEPUTIH AGUNG LAMPUNG TENGAH', 0),
(171, '1009380000', 'SMKN 1 SEPUTIH SURABAYA LAMPUNG TENGAH', 'KEPALA SMKN 1 SEPUTIH SURABAYA LAMPUNG TENGAH', 0),
(172, '1009390000', 'SMKN 1 TERBANGGI BESAR LAMPUNG TENGAH', 'KEPALA SMKN 1 TERBANGGI BESAR LAMPUNG TENGAH', 0),
(173, '1009400000', 'SMKN 1 TERUSAN NUNYAI  LAMPUNG TENGAH', 'KEPALA SMKN 1 TERUSAN NUNYAI LAMPUNG TENGAH', 0),
(174, '1009410000', 'SMKN 1 WAY PENGUBUAN LAMPUNG TENGAH', 'KEPALA SMKN 1 WAY PENGUBUAN LAMPUNG TENGAH', 0),
(175, '1009420000', 'SMKN 2 TERBANGGI BESAR LAMPUNG TENGAH', 'KEPALA SMKN 2 TERBANGGI BESAR LAMPUNG TENGAH', 0),
(176, '1009430000', 'SMKN 3 TERBANGGI BESAR LAMPUNG TENGAH', 'KEPALA SMKN 3 TERBANGGI BESAR LAMPUNG TENGAH', 0),
(177, '1009440000', 'SMAN 1 BANDAR SRIBAWONO LAMPUNG TIMUR', 'KEPALA SMAN 1 BANDAR SRIBAWONO LAMPUNG TIMUR', 0),
(178, '1009450000', 'SMAN 1 BATANGHARI LAMPUNG TIMUR', 'KEPALA SMAN 1 BATANGHARI LAMPUNG TIMUR', 0),
(179, '1009460000', 'SMAN 1 GUNUNG PELINDUNG LAMPUNG TIMUR', 'KEPALA SMAN 1 GUNUNG PELINDUNG LAMPUNG TIMUR', 0),
(180, '1009470000', 'SMAN 1 JABUNG LAMPUNG TIMUR', 'KEPALA SMAN 1 JABUNG LAMPUNG TIMUR', 0),
(181, '1009480000', 'SMAN 1 KIBANG LAMPUNG TIMUR', 'KEPALA SMAN 1 KIBANG LAMPUNG TIMUR', 0),
(182, '1009490000', 'SMAN 1 LABUHAN MARINGGAI LAMPUNG TIMUR', 'KEPALA SMAN 1 LABUHAN MARINGGAI LAMPUNG TIMUR', 0),
(183, '1009500000', 'SMAN 1 LABUHAN RATU LAMPUNG TIMUR', 'KEPALA SMAN 1 LABUHAN RATU LAMPUNG TIMUR', 0),
(184, '1009510000', 'SMAN 1 MARGA TIGA LAMPUNG TIMUR', 'KEPALA SMAN 1 MARGA TIGA LAMPUNG TIMUR', 0),
(185, '1009520000', 'SMAN 1 MELINTING LAMPUNG TIMUR', 'KEPALA SMAN 1 MELINTING LAMPUNG TIMUR', 0),
(186, '1009530000', 'SMAN 1 PASIR SAKTI LAMPUNG TIMUR', 'KEPALA SMAN 1 PASIR SAKTI LAMPUNG TIMUR', 0),
(187, '1009540000', 'SMAN 1 PEKALONGAN LAMPUNG TIMUR', 'KEPALA SMAN 1 PEKALONGAN LAMPUNG TIMUR', 0),
(188, '1009550000', 'SMAN 1 PURBOLINGGO LAMPUNG TIMUR', 'KEPALA SMAN 1 PURBOLINGGO LAMPUNG TIMUR', 0),
(189, '1009560000', 'SMAN 1 RAMAN UTARA LAMPUNG TIMUR', 'KEPALA SMAN 1 RAMAN UTARA LAMPUNG TIMUR', 0),
(190, '1009570000', 'SMAN 1 SEKAMPUNG LAMPUNG TIMUR', 'KEPALA SMAN 1 SEKAMPUNG LAMPUNG TIMUR', 0),
(191, '1009580000', 'SMAN 1 SEKAMPUNG UDIK LAMPUNG TIMUR', 'KEPALA SMAN 1 SEKAMPUNG UDIK LAMPUNG TIMUR', 0),
(192, '1009590000', 'SMAN 1 SUKADANA LAMPUNG TIMUR', 'KEPALA SMAN 1 SUKADANA LAMPUNG TIMUR', 0),
(193, '1009600000', 'SMAN 1 WAWAY KARYA LAMPUNG TIMUR', 'KEPALA SMAN 1 WAWAY KARYA LAMPUNG TIMUR', 0),
(194, '1009610000', 'SMAN 1 WAY BUNGUR LAMPUNG TIMUR', 'KEPALA SMAN 1 WAY BUNGUR LAMPUNG TIMUR', 0),
(195, '1009620000', 'SMAN 1 WAY JEPARA LAMPUNG TIMUR', 'KEPALA SMAN 1 WAY JEPARA LAMPUNG TIMUR', 0),
(196, '1009630000', 'SMAN 2 SEKAMPUNG  LAMPUNG TIMUR', 'KEPALA SMAN 2 SEKAMPUNG LAMPUNG TIMUR', 0),
(197, '1009640000', 'SMKN 1 BUMI AGUNG LAMPUNG TIMUR', 'KEPALA SMKN 1 BUMI AGUNG LAMPUNG TIMUR', 0),
(198, '1009650000', 'SMKN 1 GUNUNG PELINDUNG LAMPUNG TIMUR', 'KEPALA SMKN 1 GUNUNG PELINDUNG LAMPUNG TIMUR', 0),
(199, '1009660000', 'SMKN 1 MARGA SEKAMPUNG LAMPUNG TIMUR', 'KEPALA SMKN 1 MARGA SEKAMPUNG LAMPUNG TIMUR', 0),
(200, '1009670000', 'SMKN 1 PEKALONGAN LAMPUNG TIMUR', 'KEPALA SMKN 1 PEKALONGAN LAMPUNG TIMUR', 0),
(201, '1009680000', 'SMKN 1 RAMAN UTARA LAMPUNG TIMUR', 'KEPALA SMKN 1 RAMAN UTARA LAMPUNG TIMUR', 0),
(202, '1009690000', 'SMKN 1 SUKADANA LAMPUNG TIMUR', 'KEPALA SMKN 1 SUKADANA LAMPUNG TIMUR', 0),
(203, '1009700000', 'SMKN 1 WAY BUNGUR LAMPUNG TIMUR', 'KEPALA SMKN 1 WAY BUNGUR LAMPUNG TIMUR', 0),
(204, '1009710000', 'SMKN 1 TRIMURJO LAMPUNG TENGAH', 'KEPALA SMKN 1 TRIMURJO LAMPUNG TENGAH', 0),
(205, '1009720000', 'SMKN 1 LABUHAN MARINGGAI LAMPUNG TIMUR', 'KEPALA SMKN 1 LABUHAN MARINGGAI LAMPUNG TIMUR', 0),
(206, '1009750000', 'SMAN 1 WAY SEPUTIH LAMPUNG TENGAH', 'KEPALA SMAN 1 WAY SEPUTIH LAMPUNG TENGAH', 0),
(207, '1009760000', 'SMAN 1 BANDAR MATARAM LAMPUNG TENGAH', 'KEPALA SMAN 1 BANDAR MATARAM LAMPUNG TENGAH', 0),
(208, '1009770000', 'SMK UNGGUL TERPADU  LAMPUNG TENGAH', 'KEPALA SMK UNGGUL TERPADU LAMPUNG TENGAH', 0),
(209, '1009790000', 'SMKN 1 BRAJA SELEBAH LAMPUNG TIMUR', 'KEPALA SMKN 1 BRAJA SELEBAH LAMPUNG TIMUR', 0),
(210, '1009800000', 'SMKN 1 SEKAMPUNG LAMPUNG TIMUR', 'KEPALA SMKN 1 SEKAMPUNG LAMPUNG TIMUR', 0),
(211, '1009810000', 'SLB WIYATA DHARMA METRO', 'KEPALA SLB WIYATA DHARMA METRO', 0),
(212, '1009820000', 'SLB NEGERI LAMPUNG TIMUR', 'KEPALA SLB NEGERI LAMPUNG TIMUR', 0),
(213, '1009830000', 'SLB NEGERI METRO', 'KEPALA SLB NEGERI METRO', 0),
(214, '1009840000', 'SLB NEGERI KOTA GAJAH LAMPUNG TENGAH', 'KEPALA SLB NEGERI KOTA GAJAH', 0),
(216, '1009860000', 'SLB CATUR BINA BANGSA METRO', 'KEPALA SLB CATUR BINA BANGSA METRO', 0),
(217, '1010010000', 'SMAN 1 AIR NANINGAN TANGGAMUS', 'KEPALA SMAN 1 AIR NANINGAN TANGGAMUS', 0),
(218, '1010020000', 'SMAN 1 BULOK TANGGAMUS', 'KEPALA SMAN 1 BULOK TANGGAMUS', 0),
(219, '1010030000', 'SMAN 1 CUKUH BALAK TANGGAMUS', 'KEPALA SMAN 1 CUKUH BALAK TANGGAMUS', 0),
(220, '1010040000', 'SMAN 1 GUNUNG ALIP TANGGAMUS', 'KEPALA SMAN 1 GUNUNG ALIP TANGGAMUS', 0),
(221, '1010050000', 'SMAN 1 KELUMBAYAN TANGGAMUS', 'KEPALA SMAN 1 KELUMBAYAN TANGGAMUS', 0),
(222, '1010060000', 'SMAN 1 KELUMBAYAN BARAT TANGGAMUS', 'KEPALA SMAN 1 KELUMBAYAN BARAT TANGGAMUS', 0),
(223, '1010070000', 'SMAN 1 KOTA AGUNG TANGGAMUS', 'KEPALA SMAN 1 KOTA AGUNG TANGGAMUS', 0),
(224, '1010080000', 'SMAN 2 KOTA AGUNG TANGGAMUS', 'KEPALA SMAN 2 KOTA AGUNG TANGGAMUS', 0),
(225, '1010090000', 'SMAN 1 LIMAU TANGGAMUS', 'KEPALA SMAN 1 LIMAU TANGGAMUS', 0),
(226, '1010100000', 'SMAN 1 PULAU PANGGUNG TANGGAMUS', 'KEPALA SMAN 1 PULAU PANGGUNG TANGGAMUS', 0),
(227, '1010110000', 'SMAN 1 SEMAKA TANGGAMUS', 'KEPALA SMAN 1 SEMAKA TANGGAMUS', 0),
(228, '1010120000', 'SMAN 1 SUMBEREJO TANGGAMUS', 'KEPALA SMAN 1 SUMBEREJO TANGGAMUS', 0),
(229, '1010130000', 'SMAN 1 TALANG PADANG TANGGAMUS', 'KEPALA SMAN 1 TALANG PADANG TANGGAMUS', 0),
(230, '1010140000', 'SMAN 1 ULUBELU TANGGAMUS', 'KEPALA SMAN 1 ULUBELU TANGGAMUS', 0),
(231, '1010150000', 'SMAN 2 ULUBELU TANGGAMUS', 'KEPALA SMAN 2 ULUBELU TANGGAMUS', 0),
(232, '1010160000', 'SMAN 1 WONOSOBO TANGGAMUS', 'KEPALA SMAN 1 WONOSOBO TANGGAMUS', 0),
(233, '1010170000', 'SMKN 1 KOTA AGUNG BARAT TANGGAMUS', 'KEPALA SMKN 1 KOTA AGUNG BARAT TANGGAMUS', 0),
(234, '1010180000', 'SMKN 1 PUGUNG TANGGAMUS', 'KEPALA SMKN 1 PUGUNG TANGGAMUS', 0),
(235, '1010190000', 'SMKN 1 TALANG PADANG KABUPATEN TANGGAMUS', 'KEPALA SMKN 1 TALANG PADANG KABUPATEN TANGGAMUS', 0),
(236, '1010200000', 'SMKN 1 KOTA AGUNG TIMUR TANGGAMUS', 'KEPALA SMKN 1 KOTA AGUNG TIMUR TANGGAMUS', 0),
(237, '1010210000', 'SMAN 1 ADILUWIH PRINGSEWU', 'KEPALA SMAN 1 ADILUWIH PRINGSEWU', 0),
(238, '1010220000', 'SMAN 1 AMBARAWA PRINGSEWU', 'KEPALA SMAN 1 AMBARAWA PRINGSEWU', 0),
(239, '1010230000', 'SMAN 1 BANYUMAS PRINGSEWU', 'KEPALA SMAN 1 BANYUMAS PRINGSEWU', 0),
(240, '1010240000', 'SMAN 1 GADINGREJO PRINGSEWU', 'KEPALA SMAN 1 GADINGREJO PRINGSEWU', 0),
(241, '1010250000', 'SMAN 1 PAGELARAN PRINGSEWU', 'KEPALA SMAN 1 PAGELARAN PRINGSEWU', 0),
(242, '1010260000', 'SMAN 1 PARDASUKA PRINGSEWU', 'KEPALA SMAN 1 PARDASUKA PRINGSEWU', 0),
(243, '1010270000', 'SMAN 1 PRINGSEWU PRINGSEWU', 'KEPALA SMAN 1 PRINGSEWU', 0),
(244, '1010280000', 'SMAN 1 SUKOHARJO PRINGSEWU', 'KEPALA SMAN 1 SUKOHARJO PRINGSEWU', 0),
(245, '1010290000', 'SMAN 2 GADINGREJO PRINGSEWU', 'KEPALA SMAN 2 GADINGREJO PRINGSEWU', 0),
(246, '1010300000', 'SMAN 2 PRINGSEWU PRINGSEWU', 'KEPALA SMAN 2 PRINGSEWU PRINGSEWU', 0),
(247, '1010310000', 'SMKN 1 GADINGREJO PRINGSEWU', 'KEPALA SMKN 1 GADINGREJO PRINGSEWU', 0),
(248, '1010320000', 'SMKN PAGELARAN UTARA PRINGSEWU', 'KEPALA SMKN PAGELARAN UTARA PRINGSEWU', 0),
(249, '1010330000', 'SMKN SUKOHARJO PRINGSEWU', 'KEPALA SMKN SUKOHARJO PRINGSEWU', 0),
(250, '1010340000', 'SMAN 1 BENGKUNAT PESISIR BARAT', 'KEPALA SMAN 1 BENGKUNAT PESISIR BARAT', 0),
(251, '1010350000', 'SMAN 1 BENGKUNAT BELIMBING PESISIR BARAT', 'KEPALA SMAN 1 BENGKUNAT BELIMBING PESISIR BARAT', 0),
(252, '1010360000', 'SMAN 1 KARYA PENGGAWA PESISIR BARAT', 'KEPALA SMAN 1 KARYA PENGGAWA PESISIR BARAT', 0),
(253, '1010370000', 'SMAN 1 LEMONG PESISIR BARAT', 'KEPALA SMAN 1 LEMONG PESISIR BARAT', 0),
(254, '1010380000', 'SMAN 1 NGAMBUR PESISIR BARAT', 'KEPALA SMAN 1 NGAMBUR PESISIR BARAT', 0),
(255, '1010390000', 'SMAN 1 PESISIR SELATAN PESISIR BARAT', 'KEPALA SMAN 1 PESISIR SELATAN PESISIR BARAT', 0),
(256, '1010400000', 'SMAN 1 PESISIR TENGAH PESISIR BARAT', 'KEPALA SMAN 1 PESISIR TENGAH PESISIR BARAT', 0),
(257, '1010410000', 'SMAN 1 PESISIR UTARA PESISIR BARAT', 'KEPALA SMAN 1 PESISIR UTARA PESISIR BARAT', 0),
(258, '1010420000', 'SMKN 1 NGAMBUR PESISIR BARAT', 'KEPALA SMKN 1 NGAMBUR PESISIR BARAT', 0),
(259, '1010440000', 'SMAN 2 BENGKUNAT BELIMBING PESISIR BARAT', 'KEPALA SMAN 2 BENGKUNAT BELIMBING PESISIR BARAT', 0),
(260, '1010450000', 'SMKN 1 KRUI PESISIR BARAT', 'KEPALA SMKN 1 KRUI PESISIR BARAT', 0),
(261, '1010460000', 'SMAN 1 PEMATANG SAWA TANGGAMUS', 'KEPALA SMAN 1 PEMATANG SAWA TANGGAMUS', 0),
(262, '1010470000', 'SMKN 1 CUKUH BALAK TANGGAMUS', 'KEPALA SMKN 1 CUKUH BALAK TANGGAMUS', 0),
(263, '1010480000', 'SLB NEGERI PRINGSEWU', 'KEPALA SLB NEGERI PRINGSEWU', 0),
(264, '1010490000', 'SLB NEGERI TANGGAMUS', 'KEPALA SLB NEGERI TANGGAMUS', 0),
(265, '1010500000', 'SMKN 1 BENGKUNAT BELIMBING PESISIR BARAT', 'KEPALA SMKN 1 BENGKUNAT BELIMBING PESISIR BARAT', 0),
(266, '1011010000', 'SMAN SUNGKAI BARAT LAMPUNG UTARA', 'KEPALA SMAN SUNGKAI BARAT LAMPUNG UTARA', 0),
(267, '1011020000', 'SMAN 1 SUNGKAI JAYA LAMPUNG UTARA', 'KEPALA SMAN 1 SUNGKAI JAYA LAMPUNG UTARA', 0),
(268, '1011030000', 'SMAN 2 ABUNG SEMULI LAMPUNG UTARA', 'KEPALA SMAN 2 ABUNG SEMULI LAMPUNG UTARA', 0),
(269, '1011040000', 'SMAN 1 ABUNG PEKURUN LAMPUNG UTARA', 'KEPALA SMAN 1 ABUNG PEKURUN LAMPUNG UTARA', 0),
(270, '1011050000', 'SMAN 1 ABUNG SELATAN LAMPUNG UTARA', 'KEPALA SMAN 1 ABUNG SELATAN LAMPUNG UTARA', 0),
(271, '1011060000', 'SMAN 1 ABUNG SEMULI LAMPUNG UTARA', 'KEPALA SMAN 1 ABUNG SEMULI LAMPUNG UTARA', 0),
(272, '1011070000', 'SMAN 1 ABUNG TIMUR LAMPUNG UTARA', ' KEPALA SMAN 1 ABUNG TIMUR LAMPUNG UTARA', 0),
(273, '1011080000', 'SMAN 1 ABUNG TINGGI LAMPUNG UTARA', 'KEPALA SMAN 1 ABUNG TINGGI LAMPUNG UTARA', 0),
(274, '1011090000', 'SMAN 1 BUKIT KEMUNING LAMPUNG UTARA', 'KEPALA SMAN 1 BUKIT KEMUNING LAMPUNG UTARA', 0),
(275, '1011100000', 'SMAN 1 KOTABUMI LAMPUNG UTARA', 'KEPALA SMAN 1 KOTABUMI LAMPUNG UTARA', 0),
(276, '1011110000', 'SMAN 2 KOTABUMI LAMPUNG UTARA', 'KEPALA SMAN 2 KOTABUMI LAMPUNG UTARA', 0),
(277, '1011120000', 'SMAN 3 KOTABUMI LAMPUNG UTARA', 'KEPALA SMAN 3 KOTABUMI LAMPUNG UTARA', 0),
(278, '1011130000', 'SMAN 4 KOTABUMI LAMPUNG UTARA', 'KEPALA SMAN 4 KOTABUMI LAMPUNG UTARA', 0),
(279, '1011140000', 'SMAN 1 SUNGKAI SELATAN LAMPUNG UTARA', 'KEPALA SMAN 1 SUNGKAI SELATAN LAMPUNG UTARA', 0),
(280, '1011150000', 'SMAN 1 SUNGKAI UTARA LAMPUNG UTARA', 'KEPALA SMAN 1 SUNGKAI UTARA LAMPUNG UTARA', 0),
(281, '1011160000', 'SMAN 1 TANJUNG RAJA LAMPUNG UTARA', 'KEPALA SMAN 1 TANJUNG RAJA LAMPUNG UTARA', 0),
(282, '1011170000', 'SMAN 1 ABUNG BARAT LAMPUNG UTARA', 'KEPALA SMAN 1 ABUNG BARAT LAMPUNG UTARA', 0),
(283, '1011180000', 'SMKN 1 ABUNG SELATAN LAMPUNG UTARA', 'KEPALA SMKN 1 ABUNG SELATAN LAMPUNG UTARA', 0),
(284, '1011190000', 'SMKN 1 ABUNG SURAKARTA LAMPUNG UTARA', 'KEPALA SMKN 1 ABUNG SURAKARTA LAMPUNG UTARA', 0),
(285, '1011200000', 'SMKN 1 BUKIT KEMUNING LAMPUNG UTARA', 'KEPALA SMKN 1 BUKIT KEMUNING LAMPUNG UTARA', 0),
(286, '1011210000', 'SMKN 1 BUNGA MAYANG LAMPUNG UTARA', 'KEPALA SMKN 1 BUNGA MAYANG LAMPUNG UTARA', 0),
(287, '1011220000', 'SMKN 1 HULU SUNGKAI LAMPUNG UTARA', 'KEPALA SMKN 1 HULU SUNGKAI LAMPUNG UTARA', 0),
(288, '1011230000', 'SMKN 1 KOTABUMI LAMPUNG UTARA', 'KEPALA SMKN 1 KOTABUMI LAMPUNG UTARA', 0),
(289, '1011240000', 'SMKN 2 KOTABUMI LAMPUNG UTARA', 'KEPALA SMKN 2 KOTABUMI LAMPUNG UTARA', 0),
(290, '1011250000', 'SMKN 3 KOTABUMI LAMPUNG UTARA', 'KEPALA SMKN 3 KOTABUMI LAMPUNG UTARA', 0),
(291, '1011260000', 'SMAN 2 TANJUNG RAJA LAMPUNG UTARA', 'KEPALA SMAN 2 TANJUNG RAJA LAMPUNG UTARA', 0),
(292, '1011270000', 'SMAN 1 BANJIT WAY KANAN', 'KEPALA SMAN 1 BANJIT WAY KANAN', 0),
(293, '1011280000', 'SMAN 1 BARADATU WAY KANAN', 'KEPALA SMAN 1 BARADATU WAY KANAN', 0),
(294, '1011290000', 'SMAN 1 BLAMBANGAN UMPU WAY KANAN', 'KEPALA SMAN 1 BLAMBANGAN UMPU WAY KANAN', 0),
(295, '1011300000', 'SMAN 1 BUAY BAHUGA WAY KANAN', 'KEPALA SMAN 1 BUAY BAHUGA WAY KANAN', 0),
(296, '1011310000', 'SMAN 1 BUMI AGUNG WAY KANAN', 'KEPALA SMAN 1 BUMI AGUNG WAY KANAN', 0),
(297, '1011320000', 'SMAN 1 GUNUNG LABUHAN WAY KANAN', 'KEPALA SMAN 1 GUNUNG LABUHAN WAY KANAN', 0),
(298, '1011330000', 'SMAN 1 KASUI WAY KANAN', 'KEPALA SMAN 1 KASUI WAY KANAN', 0),
(299, '1011340000', 'SMAN 1 NEGARA BATIN WAY KANAN', 'KEPALA SMAN 1 NEGARA BATIN WAY KANAN', 0),
(300, '1011350000', 'SMAN 1 NEGERI AGUNG WAY KANAN', 'KEPALA SMAN 1 NEGERI AGUNG WAY KANAN', 0),
(301, '1011360000', 'SMAN 1 NEGERI BESAR WAY KANAN', 'KEPALA SMAN 1 NEGERI BESAR WAY KANAN', 0),
(302, '1011370000', 'SMAN 1 PAKUON RATU WAY KANAN', 'KEPALA SMAN 1 PAKUON RATU WAY KANAN', 0),
(303, '1011380000', 'SMAN 1 REBANG TANGKAS WAY KANAN', 'KEPALA SMAN 1 REBANG TANGKAS WAY KANAN', 0),
(304, '1011390000', 'SMAN 1 WAY TUBA WAY KANAN', 'KEPALA SMAN 1 WAY TUBA WAY KANAN', 0),
(305, '1011400000', 'SMAN 2 BLAMBANGAN UMPU WAY KANAN', 'KEPALA SMAN 2 BLAMBANGAN UMPU WAY KANAN', 0),
(306, '1011410000', 'SMAN 2 BUAY BAHUGA WAY KANAN', 'KEPALA SMAN 2 BUAY BAHUGA WAY KANAN', 0),
(308, '1011430000', 'SMAN 2 GUNUNG LABUHAN WAY KANAN', 'KEPALA SMAN 2 GUNUNG LABUHAN WAY KANAN', 0),
(309, '1011440000', 'SMAN 2 KASUI WAY KANAN', 'KEPALA SMAN 2 KASUI WAY KANAN', 0),
(310, '1011450000', 'SMAN 2 NEGARA BATIN WAY KANAN', 'KEPALA SMAN 2 NEGARA BATIN WAY KANAN', 0),
(311, '1011460000', 'SMAN 2 NEGERI AGUNG WAY KANAN', 'KEPALA SMAN 2 NEGERI AGUNG WAY KANAN', 0),
(312, '1011470000', 'SMAN 2 NEGERI BESAR WAY KANAN', 'KEPALA SMAN 2 NEGERI BESAR WAY KANAN', 0),
(313, '1011480000', 'SMKN 1 BAHUGA WAY KANAN', 'KEPALA SMKN 1 BAHUGA WAY KANAN', 0),
(314, '1011490000', 'SMKN 1 BANJIT WAY KANAN', 'KEPALA SMKN 1 BANJIT WAY KANAN', 0),
(315, '1011500000', 'SMKN 1 BARADATU WAY KANAN', 'KEPALA SMKN 1 BARADATU WAY KANAN', 0),
(316, '1011510000', 'SMKN 1 BLAMBANGAN UMPU WAY KANAN', 'KEPALA SMKN 1 BLAMBANGAN UMPU WAY KANAN', 0),
(317, '1011520000', 'SMKN 1 BUAY BAHUGA WAY KANAN', 'KEPALA SMKN 1 BUAY BAHUGA WAY KANAN', 0),
(318, '1011530000', 'SMKN 1 BUMI AGUNG WAY KANAN', 'KEPALA SMKN 1 BUMI AGUNG WAY KANAN', 0),
(319, '1011540000', 'SMKN 1 GUNUNG LABUHAN WAY KANAN', 'KEPALA SMKN 1 GUNUNG LABUHAN WAY KANAN', 0),
(320, '1011550000', 'SMKN 1 NEGARA BATIN WAY KANAN', 'KEPALA SMKN 1 NEGARA BATIN WAY KANAN', 0),
(321, '1011560000', 'SMKN 1 NEGERI AGUNG WAY KANAN', 'KEPALA SMKN 1 NEGERI AGUNG WAY KANAN', 0),
(322, '1011570000', 'SMKN 1 NEGERI BESAR WAY KANAN', 'KEPALA SMKN 1 NEGERI BESAR WAY KANAN', 0),
(323, '1011580000', 'SMKN 1 PAKUAN RATU WAY KANAN', 'KEPALA SMKN 1 PAKUAN RATU WAY KANAN', 0),
(324, '1011590000', 'SMKN 2 BANJIT WAY KANAN', 'KEPALA SMKN 2 BANJIT WAY KANAN', 0),
(325, '1011600000', 'SMAN 1 AIR HITAM LAMPUNG BARAT', 'KEPALA SMAN 1 AIR HITAM LAMPUNG BARAT', 0),
(326, '1011610000', 'SMAN 1 BATU BRAK LAMPUNG BARAT', 'KEPALA SMAN 1 BATU BRAK LAMPUNG BARAT', 0),
(327, '1011620000', 'SMAN 1 BELALAU LAMPUNG BARAT', 'KEPALA SMAN 1 BELALAU LAMPUNG BARAT', 0),
(328, '1011630000', 'SMAN 1 KEBUN TEBU LAMPUNG BARAT', 'KEPALA SMAN 1 KEBUN TEBU LAMPUNG BARAT', 0),
(329, '1011640000', 'SMAN 1 LIWA LAMPUNG BARAT', 'KEPALA SMAN 1 LIWA LAMPUNG BARAT', 0),
(330, '1011650000', 'SMAN 1 PAGAR DEWA LAMPUNG BARAT', 'KEPALA SMAN 1 PAGAR DEWA LAMPUNG BARAT', 0),
(331, '1011660000', 'SMAN 1 SEKINCAU LAMPUNG BARAT', 'KEPALA SMAN 1 SEKINCAU LAMPUNG BARAT', 0),
(332, '1011670000', 'SMAN 1 SUMBERJAYA LAMPUNG BARAT', 'KEPALA SMAN 1 SUMBERJAYA LAMPUNG BARAT', 0),
(333, '1011680000', 'SMAN 1 WAY TENONG LAMPUNG BARAT', 'KEPALA SMAN 1 WAY TENONG LAMPUNG BARAT', 0),
(334, '1011690000', 'SMAN 2 WAY TENONG LAMPUNG BARAT', 'KEPALA SMAN 2 WAY TENONG LAMPUNG BARAT', 0),
(335, '1011700000', 'SMAN 2 LIWA LAMPUNG BARAT', 'KEPALA SMAN 2 LIWA LAMPUNG BARAT', 0),
(336, '1011710000', 'SMAN 1 SUKAU LAMPUNG BARAT', 'KEPALA SMAN 1 SUKAU LAMPUNG BARAT', 0),
(337, '1011720000', 'SMKN 1 LIWA LAMPUNG BARAT', 'KEPALA SMKN 1 LIWA LAMPUNG BARAT', 0),
(338, '1011730000', 'SMKN 1 SUOH LAMPUNG BARAT', 'KEPALA SMKN 1 SUOH LAMPUNG BARAT', 0),
(339, '1011740000', 'SMKN 1 WAY TENONG LAMPUNG BARAT', 'KEPALA SMKN 1 WAY TENONG LAMPUNG BARAT', 0),
(340, '1011760000', 'SMKN 1 KEBUN TEBU LAMPUNG BARAT', 'KEPALA SMKN 1 KEBUN TEBU LAMPUNG BARAT', 0),
(341, '1011770000', 'SMAN 1 ABUNG TENGAH LAMPUNG UTARA', 'KEPALA SMAN 1 ABUNG TENGAH LAMPUNG BARAT', 0),
(342, '1011780000', 'SMAN 1 BANDAR NEGERI SUOH LAMPUNG BARAT', 'KEPALA SMAN 1 BANDAR NEGERI SUOH LAMPUNG BARAT', 0),
(343, '1011790000', 'SMAN 1 ABUNG KUNANG LAMPUNG UTARA', 'KEPALA SMAN 1 ABUNG KUNANG LAMPUNG BARAT', 0),
(344, '1011800000', 'SMAN 2 BANJIT WAY KANAN', 'KEPALA SMAN 2 BANJIT WAY KANAN', 0),
(345, '1011810000', 'SMAN BHAKTI MULYA LAMPUNG UTARA', 'KEPALA SMAN BHAKTI MULYA LAMPUNG UTARA', 0),
(346, '1011820000', 'SMKN 1 BATU KETULIS LAMPUNG BARAT', 'KEPALA SMKN 1 BATU KETULIS LAMPUNG BARAT', 0),
(347, '1011830000', 'SLB NEGERI SUKAMAJU LAMPUNG UTARA', 'KEPALA SLB NEGERI SUKAMAJU LAMPUNG UTARA', 0),
(348, '1011840000', 'SMAN 1 LUMBOK SEMINUNG LAMPUNG BARAT', 'KEPALA SMAN 1 LUMBOK SEMINUNG LAMPUNG BARAT', 0),
(349, '1011850000', 'SMAN 1 MUARA SUNGKAI LAMPUNG UTARA', 'KEPALA SMAN 1 MUARA SUNGKAI LAMPUNG UTARA', 0),
(350, '1011860000', 'SLB NEGERI BARADATU WAY KANAN', 'KEPALA SLB NEGERI BARADATU WAY KANAN', 0),
(351, '1011870000', 'SMAN 1 GEDUNG HARAPAN WAY KANAN', 'SMAN 1 GEDUNG HARAPAN WAY KANAN', 0),
(352, '1012010000', 'SMAN 1 BANJAR AGUNG TULANG BAWANG', 'KEPALA SMAN 1 BANJAR AGUNG TULANG BAWANG', 0),
(353, '1012020000', 'SMAN 1 BANJAR MARGO TULANG BAWANG', 'KEPALA SMAN 1 BANJAR MARGO TULANG BAWANG', 0),
(354, '1012030000', 'SMAN 1 DENTE TELADAS TULANG BAWANG', 'KEPALA SMAN 1 DENTE TELADAS TULANG BAWANG', 0),
(355, '1012040000', 'SMAN 1 GEDUNG AJI TULANG BAWANG', 'KEPALA SMAN 1 GEDUNG AJI TULANG BAWANG', 0),
(356, '1012050000', 'SMAN 1 GEDUNG AJI BARU TULANG BAWANG', 'KEPALA SMAN 1 GEDUNG AJI BARU TULANG BAWANG', 0),
(357, '1012060000', 'SMAN 1 GEDUNG MENENG TULANG BAWANG', 'KEPALA SMAN 1 GEDUNG MENENG TULANG BAWANG', 0),
(358, '1012070000', 'SMAN 1 MENGGALA TULANG BAWANG', 'KEPALA SMAN 1 MENGGALA TULANG BAWANG', 0),
(359, '1012080000', 'SMAN 2 MENGGALA TULANG BAWANG', 'KEPALA SMAN 2 MENGGALA TULANG BAWANG', 0),
(360, '1012090000', 'SMAN 3 MENGGALA TULANG BAWANG', 'KEPALA SMAN 3 MENGGALA TULANG BAWANG', 0),
(361, '1012100000', 'SMAN 1 MERAKSA AJI TULANG BAWANG', 'KEPALA SMAN 1 MERAKSA AJI TULANG BAWANG', 0),
(362, '1012110000', 'SMAN 1 PENAWAR AJI TULANG BAWANG', 'KEPALA SMAN 1 PENAWAR AJI TULANG BAWANG', 0),
(363, '1012120000', 'SMAN 1 PENAWARTAMA TULANG BAWANG', 'KEPALA SMAN 1 PENAWARTAMA TULANG BAWANG', 0),
(364, '1012130000', 'SMAN 1 RAWAJITU SELATAN TULANG BAWANG', 'KEPALA SMAN 1 RAWAJITU SELATAN TULANG BAWANG', 0),
(365, '1012140000', 'SMKN 1 DENTE TELADAS TULANG BAWANG', 'KEPALA SMKN 1 DENTE TELADAS TULANG BAWANG', 0),
(366, '1012150000', 'SMKN 1 GEDUNG AJI TULANG BAWANG', 'KEPALA SMKN 1 GEDUNG AJI TULANG BAWANG', 0),
(367, '1012160000', 'SMKN 1 MENGGALA TULANG BAWANG', 'KEPALA SMKN 1 MENGGALA TULANG BAWANG', 0),
(368, '1012170000', 'SMKN 1 RAWA PITU TULANG BAWANG', 'KEPALA SMKN 1 RAWA PITU TULANG BAWANG', 0),
(369, '1012180000', 'SMKN 1 RAWAJITU SELATAN TULANG BAWANG', 'KEPALA SMKN 1 RAWAJITU SELATAN TULANG BAWANG', 0),
(370, '1012190000', 'SMKN 1 RAWAJITU TIMUR TULANG BAWANG', 'KEPALA SMKN 1 RAWAJITU TIMUR TULANG BAWANG', 0),
(371, '1012210000', 'SMAN 1 GUNUNG AGUNG TULANG BAWANG BARAT', 'KEPALA SMAN 1 GUNUNG AGUNG TULANG BAWANG BARAT', 0),
(372, '1012220000', 'SMAN 1 GUNUNG TERANG TULANG BAWANG BARAT', 'KEPALA SMAN 1 GUNUNG TERANG TULANG BAWANG BARAT', 0),
(373, '1012230000', 'SMAN 1 LAMBU KIBANG TULANG BAWANG BARAT', 'KEPALA SMAN 1 LAMBU KIBANG TULANG BAWANG BARAT', 0),
(374, '1012240000', 'SMAN 1 PAGAR DEWA TULANG BAWANG BARAT', 'KEPALA SMAN 1 PAGAR DEWA TULANG BAWANG BARAT', 0),
(375, '1012250000', 'SMAN 1 TULANG BAWANG TENGAH TULANG BAWANG BARAT', 'KEPALA SMAN 1 TULANG BAWANG TENGAH TULANG BAWANG BARAT', 0),
(376, '1012260000', 'SMAN 2 TULANG BAWANG TENGAH TULANG BAWANG BARAT', 'KEPALA SMAN 2 TULANG BAWANG TENGAH TULANG BAWANG BARAT', 0),
(377, '1012270000', 'SMAN 3 TULANG BAWANG TENGAH TULANG BAWANG BARAT', 'KEPALA SMAN 3 TULANG BAWANG TENGAH TULANG BAWANG BARAT', 0),
(378, '1012280000', 'SMAN 1 TULANG BAWANG UDIK TULANG BAWANG BARAT', 'KEPALA SMAN 1 TULANG BAWANG UDIK TULANG BAWANG BARAT', 0),
(379, '1012290000', 'SMAN 2 TULANG BAWANG UDIK TULANG BAWANG BARAT', 'KEPALA SMAN 2 TULANG BAWANG UDIK TULANG BAWANG BARAT', 0),
(380, '1012300000', 'SMAN 1 TUMIJAJAR TULANG BAWANG BARAT', 'KEPALA SMAN 1 TUMIJAJAR TULANG BAWANG BARAT', 0),
(381, '1012310000', 'SMAN 2 TUMIJAJAR TULANG BAWANG BARAT', 'KEPALA SMAN 2 TUMIJAJAR TULANG BAWANG BARAT', 0),
(382, '1012320000', 'SMAN 1 WAY KENANGA TULANG BAWANG BARAT', 'KEPALA SMAN 1 WAY KENANGA TULANG BAWANG BARAT', 0),
(383, '1012330000', 'SMKN 1 GUNUNG AGUNG TULANG BAWANG BARAT', 'KEPALA SMKN 1 GUNUNG AGUNG TULANG BAWANG BARAT', 0),
(384, '1012340000', 'SMKN 1 TULANG BAWANG TENGAH TULANG BAWANG BARAT', 'KEPALA SMKN 1 TULANG BAWANG TENGAH TULANG BAWANG BARAT', 0),
(385, '1012350000', 'SMAN 1 MESUJI LAMPUNG MESUJI', 'KEPALA SMAN 1 MESUJI LAMPUNG MESUJI', 0),
(386, '1012360000', 'SMAN 1 MESUJI TIMUR MESUJI', 'KEPALA SMAN 1 MESUJI TIMUR', 0),
(387, '1012370000', 'SMAN 1 PANCA JAYA MESUJI', 'KEPALA SMAN 1 PANCA JAYA MESUJI', 0),
(388, '1012380000', 'SMAN 1 SIMPANG PEMATANG MESUJI', 'KEPALA SMAN 1 SIMPANG PEMATANG MESUJI', 0),
(389, '1012390000', 'SMAN 1 TANJUNG RAYA MESUJI', 'KEPALA SMAN 1 TANJUNG RAYA MESUJI', 0),
(390, '1012400000', 'SMAN 1 WAY SERDANG MESUJI', 'KEPALA SMAN 1 WAY SERDANG MESUJI', 0),
(391, '1012410000', 'SMAN 2 WAY SERDANG MESUJI', 'KEPALA SMAN 2 WAY SERDANG MESUJI', 0),
(392, '1012420000', 'SMKN 1 PANCA JAYA MESUJI', 'KEPALA SMKN 1 PANCA JAYA MESUJI', 0),
(393, '1012430000', 'SMKN 1 RAWA JITU UTARA MESUJI', 'KEPALA SMKN 1 RAWA JITU UTARA MESUJI', 0),
(394, '1012440000', 'SMKN 1 SIMPANG PEMATANG MESUJI', 'KEPALA SMKN 1 SIMPANG PEMATANG MESUJI', 0),
(395, '1012450000', 'SMKN 1 TANJUNG RAYA MESUJI', 'KEPALA SMKN 1 TANJUNG RAYA MESUJI', 0),
(396, '1012460000', 'SMKN 2 TANJUNG RAYA MESUJI', 'KEPALA SMKN 2 TANJUNG RAYA MESUJI', 0),
(397, '1012470000', 'SMAN 1 BANJAR BARU TULANG BAWANG', 'KEPALA SMAN 1 BANJAR BARU TULANG BAWANG', 0),
(398, '1012480000', 'SMKN 1 BANJAR MARGO TULANG BAWANG', 'KEPALA SMKN 1 BANJAR MARGO TULANG BAWANG', 0),
(400, '1012500000', 'SMKN 1 PENAWARTAMA  TULANG BAWANG', 'KEPALA SMKN 1 PENAWARTAMA TULANG BAWANG', 0),
(401, '1012520000', 'SMAN 2 SIMPANG PEMATANG MESUJI', 'KEPALA SMAN 2 SIMPANG PEMATANG MESUJI', 0),
(402, '1012530000', 'SMA PGRI TUMIJAJAR TULANG BAWANG BARAT', 'KEPALA SMA PGRI TUMIJAJAR TULANG BAWANG BARAT', 0),
(403, '1012540000', 'SMKN 1 WAY SERDANG MESUJI', 'KEPALA SMKN 1 WAY SERDANG MESUJI', 0),
(404, '1012550000', 'SMKN 1 MESUJI TIMUR MESUJI', 'KEPALA SMKN 1 MESUJI TIMUR MESUJI', 0),
(405, '1012560000', 'SMAN 2 DENTE TELADAS TULANG BAWANG', 'KEPALA SMAN 2 DENTE TELADAS TULANG BAWANG', 0),
(406, '1012580000', 'SMAN 3 TUMIJAJAR TULANG BAWANG BARAT', 'KEPALA SMAN 3 TUMIJAJAR TULANG BAWANG BARAT', 0),
(407, '1012590000', 'SMAN 1 BATU PUTIH TULANG BAWANG BARAT', 'KEPALA SMAN 1 BATU PUTIH TULANG BAWANG BARAT', 0),
(408, '1012600000', 'SMAN 1 RAWAJITU UTARA MESUJI', 'KEPALA SMAN 1 RAWAJITU UTARA MESUJI', 0),
(409, '1012610000', 'SMAN 1 RAWA PITU TULANG BAWANG', 'KEPALA SMAN 1 RAWA PITU TULANG BAWANG', 0),
(410, '1012620000', 'SLB NEGERI TULANG BAWANG', 'KEPALA SLB NEGERI TULANG BAWANG', 0),
(411, '1012630000', 'SLB NEGERI MESUJI', 'KEPALA SLB NEGERI MESUJI', 0),
(412, '1012640000', 'SLB NEGERI TULANG BAWANG BARAT', 'KEPALA SLB NEGERI TULANG BAWANG BARAT', 0),
(413, '1012650000', 'SMKN 1 WAY KENANGA TULANG BAWANG BARAT', 'KEPALA SMKN 1 WAY KENANGA', 0),
(414, '1012660000', 'SMKN 1 BANJAR AGUNG TULANG BAWANG', 'KEPALA SMKN 1 BANJAR AGUNG TULANG BAWANG', 0),
(415, '1013010000', 'SEKRETARIAT KOMISI PEMILIHAN UMUM (KPU)', 'SEKRETARIS KOMISI PEMILIHAN UMUM (KPU)', 0),
(416, '1014010000', 'SEKRETARIAT BADAN NARKOTIKA NASIONAL', 'SEKRETARIS BADAN NARKOTIKA NASIONAL', 0),
(417, '1008810000', 'SMKN 1 WAY PANJI LAMPUNG SELATAN', 'KEPALA SMKN 1 WAY PANJI LAMPUNG SELATAN', 0),
(418, '1011880000', 'SMAN 2 REBANG TANGKAS WAY KANAN', 'KEPALA SMAN 2 REBANG TANGKAS WAY KANAN', 0),
(419, '1008820000', 'SMKN PERTANIAN PEMBANGUNAN LAMPUNG', 'KEPALA SMKN PERTANIAN PEMBANGUNAN LAMPUNG', 0),
(420, '1011890000', 'SMAN 1 BATU KETULIS LAMPUNG BARAT', 'KEPALA SMAN 1 BATU KETULIS LAMPUNG BARAT', 0),
(421, '1011900000', 'SMAN 1 HULU SUNGKAI LAMPUNG UTARA', 'KEPALA SMAN 1 HULU SUNGKAI LAMPUNG UTARA', 0),
(422, '1007050000', 'RUMAH SAKIT UMUM DAERAH BANDAR NEGARA HUSADA', 'DIREKTUR RUMAH SAKIT UMUM DAERAH BANDAR NEGARA HUSADA', 1),
(423, '1011910000', 'SMAN 1 BUNGA MAYANG LAMPUNG UTARA', 'KEPALA SMAN 1 BUNGA MAYANG LAMPUNG UTARA', 0),
(424, '1011920000', 'SMAN 3 BLAMBANGAN UMPU WAY KANAN', 'KEPALA SMAN 3 BLAMBANGAN UMPU WAY KANAN', 0),
(425, '1012670000', 'SMAN 4 TUMIJAJAR TULANG BAWANG BARAT', 'KEPALA SMAN 4 TUMIJAJAR TULANG BAWANG BARAT', 0),
(426, '1009870000', 'SMKN 1 PURBOLINGGO LAMPUNG TIMUR', 'KEPALA SMKN 1 PURBOLINGGO LAMPUNG TIMUR', 0),
(430, '1010520000', 'SMKN 1 AIR NANINGAN TANGGAMUS', 'KEPALA SEKOLAH SMKN 1 AIR NANINGAN TANGGAMUS', 0),
(432, '1011930000', 'SMKN 1 PAGAR DEWA KABUPATEN LAMPUNG BARAT', 'KEPALA SMKN 1 PAGAR DEWA KABUPATEN  LAMPUNG BARAT', 0),
(433, '1010530000', 'SLB NEGERI PESISIR BARAT', 'KEPALA SLB NEGERI PESISIR BARAT', 0),
(434, '1008830000', 'SMAN PULAU LEGUNDI PESAWARAN', 'KEPALA SMAN PULAU LEGUNDI PESAWARAN', 0);

-- --------------------------------------------------------

--
-- Table structure for table `master_urusan`
--

CREATE TABLE `master_urusan` (
  `id_urusan` int NOT NULL,
  `kode_rekening` varchar(50) CHARACTER SET utf8mb4 COLLATE utf8mb4_general_ci NOT NULL,
  `nama_urusan` varchar(255) CHARACTER SET utf8mb4 COLLATE utf8mb4_general_ci NOT NULL,
  `id_unker` int DEFAULT NULL,
  `is_active` tinyint(1) DEFAULT '1',
  `created_by` int DEFAULT NULL,
  `created_at` timestamp NULL DEFAULT NULL,
  `updated_by` int DEFAULT NULL,
  `updated_at` timestamp NULL DEFAULT NULL
) ENGINE=InnoDB DEFAULT CHARSET=utf8mb4 COLLATE=utf8mb4_general_ci;

-- --------------------------------------------------------

--
-- Table structure for table `migrations`
--

CREATE TABLE `migrations` (
  `id` int UNSIGNED NOT NULL,
  `migration` varchar(255) CHARACTER SET utf8mb3 COLLATE utf8mb3_unicode_ci NOT NULL,
  `batch` int NOT NULL
) ENGINE=InnoDB DEFAULT CHARSET=utf8mb3 COLLATE=utf8mb3_unicode_ci;

--
-- Dumping data for table `migrations`
--

INSERT INTO `migrations` (`id`, `migration`, `batch`) VALUES
(14, '2022_08_10_042326_create_settings_table', 1),
(25, '2014_10_12_000000_create_users_table', 2),
(26, '2014_10_12_100000_create_password_resets_table', 2),
(27, '2019_08_19_000000_create_failed_jobs_table', 2),
(28, '2019_12_14_000001_create_personal_access_tokens_table', 2),
(29, '2022_08_10_051452_create_settings_table', 2),
(30, '2022_08_11_044257_create_permission_tables', 3),
(31, '2022_08_11_124502_create_activity_log_table', 4),
(32, '2022_08_11_124503_add_event_column_to_activity_log_table', 4),
(33, '2022_08_11_124504_add_batch_uuid_column_to_activity_log_table', 4);

-- --------------------------------------------------------

--
-- Table structure for table `model_has_permissions`
--

CREATE TABLE `model_has_permissions` (
  `permission_id` bigint UNSIGNED NOT NULL,
  `model_type` varchar(200) CHARACTER SET utf8mb3 COLLATE utf8mb3_unicode_ci NOT NULL,
  `model_id` bigint UNSIGNED NOT NULL
) ENGINE=InnoDB DEFAULT CHARSET=utf8mb3 COLLATE=utf8mb3_unicode_ci;

-- --------------------------------------------------------

--
-- Table structure for table `model_has_roles`
--

CREATE TABLE `model_has_roles` (
  `role_id` bigint UNSIGNED NOT NULL,
  `model_type` varchar(200) CHARACTER SET utf8mb3 COLLATE utf8mb3_unicode_ci NOT NULL,
  `model_id` bigint UNSIGNED NOT NULL
) ENGINE=InnoDB DEFAULT CHARSET=utf8mb3 COLLATE=utf8mb3_unicode_ci;

--
-- Dumping data for table `model_has_roles`
--

INSERT INTO `model_has_roles` (`role_id`, `model_type`, `model_id`) VALUES
(1, 'App\\Models\\User', 1);

-- --------------------------------------------------------

--
-- Table structure for table `password_resets`
--

CREATE TABLE `password_resets` (
  `email` varchar(200) CHARACTER SET utf8mb3 COLLATE utf8mb3_unicode_ci NOT NULL,
  `token` varchar(200) CHARACTER SET utf8mb3 COLLATE utf8mb3_unicode_ci NOT NULL,
  `created_at` timestamp NULL DEFAULT NULL
) ENGINE=InnoDB DEFAULT CHARSET=utf8mb3 COLLATE=utf8mb3_unicode_ci;

-- --------------------------------------------------------

--
-- Table structure for table `password_reset_tokens`
--

CREATE TABLE `password_reset_tokens` (
  `email` varchar(255) CHARACTER SET utf8mb3 COLLATE utf8mb3_unicode_ci NOT NULL,
  `token` varchar(255) CHARACTER SET utf8mb3 COLLATE utf8mb3_unicode_ci NOT NULL,
  `created_at` timestamp NULL DEFAULT NULL
) ENGINE=InnoDB DEFAULT CHARSET=utf8mb3 COLLATE=utf8mb3_unicode_ci;

-- --------------------------------------------------------

--
-- Table structure for table `permissions`
--

CREATE TABLE `permissions` (
  `id` bigint UNSIGNED NOT NULL,
  `name` varchar(200) CHARACTER SET utf8mb3 COLLATE utf8mb3_unicode_ci NOT NULL,
  `guard_name` varchar(200) CHARACTER SET utf8mb3 COLLATE utf8mb3_unicode_ci NOT NULL,
  `created_at` timestamp NULL DEFAULT NULL,
  `updated_at` timestamp NULL DEFAULT NULL
) ENGINE=InnoDB DEFAULT CHARSET=utf8mb3 COLLATE=utf8mb3_unicode_ci;

--
-- Dumping data for table `permissions`
--

INSERT INTO `permissions` (`id`, `name`, `guard_name`, `created_at`, `updated_at`) VALUES
(389, 'users read', 'web', '2024-02-01 04:34:21', '2024-02-01 04:34:21'),
(390, 'users create', 'web', '2024-02-01 04:34:21', '2024-02-01 04:34:21'),
(391, 'users update', 'web', '2024-02-01 04:34:21', '2024-02-01 04:34:21'),
(392, 'users delete', 'web', '2024-02-01 04:34:21', '2024-02-01 04:34:21'),
(393, 'users validation', 'web', '2024-02-01 04:34:21', '2024-02-01 04:34:21'),
(394, 'users privilege', 'web', '2024-02-01 04:34:21', '2024-02-01 04:34:21'),
(395, 'activity', 'web', '2024-02-01 04:34:27', '2024-02-01 04:34:27'),
(396, 'setting app', 'web', '2024-02-01 04:34:31', '2024-02-01 04:34:31');

-- --------------------------------------------------------

--
-- Table structure for table `personal_access_tokens`
--

CREATE TABLE `personal_access_tokens` (
  `id` bigint UNSIGNED NOT NULL,
  `tokenable_type` varchar(200) CHARACTER SET utf8mb3 COLLATE utf8mb3_unicode_ci NOT NULL,
  `tokenable_id` bigint UNSIGNED NOT NULL,
  `name` varchar(200) CHARACTER SET utf8mb3 COLLATE utf8mb3_unicode_ci NOT NULL,
  `token` varchar(64) CHARACTER SET utf8mb3 COLLATE utf8mb3_unicode_ci NOT NULL,
  `abilities` text CHARACTER SET utf8mb3 COLLATE utf8mb3_unicode_ci,
  `last_used_at` timestamp NULL DEFAULT NULL,
  `expires_at` timestamp NULL DEFAULT NULL,
  `created_at` timestamp NULL DEFAULT NULL,
  `updated_at` timestamp NULL DEFAULT NULL
) ENGINE=InnoDB DEFAULT CHARSET=utf8mb3 COLLATE=utf8mb3_unicode_ci;

-- --------------------------------------------------------

--
-- Table structure for table `roles`
--

CREATE TABLE `roles` (
  `id` bigint UNSIGNED NOT NULL,
  `name` varchar(200) CHARACTER SET utf8mb3 COLLATE utf8mb3_unicode_ci NOT NULL,
  `guard_name` varchar(200) CHARACTER SET utf8mb3 COLLATE utf8mb3_unicode_ci NOT NULL,
  `created_at` timestamp NULL DEFAULT NULL,
  `updated_at` timestamp NULL DEFAULT NULL
) ENGINE=InnoDB DEFAULT CHARSET=utf8mb3 COLLATE=utf8mb3_unicode_ci;

--
-- Dumping data for table `roles`
--

INSERT INTO `roles` (`id`, `name`, `guard_name`, `created_at`, `updated_at`) VALUES
(1, 'superadmin', 'web', '2022-08-11 04:48:47', '2022-08-11 04:48:47'),
(2, 'admin', 'web', '2022-08-11 04:49:48', '2023-05-02 03:39:28'),
(3, 'validator', 'web', '2024-03-12 09:24:19', '2024-05-23 05:39:34'),
(4, 'unit kerja', 'web', '2024-03-16 07:18:51', '2024-07-27 02:35:21');

-- --------------------------------------------------------

--
-- Table structure for table `role_has_permissions`
--

CREATE TABLE `role_has_permissions` (
  `permission_id` bigint UNSIGNED NOT NULL,
  `role_id` bigint UNSIGNED NOT NULL
) ENGINE=InnoDB DEFAULT CHARSET=utf8mb3 COLLATE=utf8mb3_unicode_ci;

--
-- Dumping data for table `role_has_permissions`
--

INSERT INTO `role_has_permissions` (`permission_id`, `role_id`) VALUES
(389, 1),
(390, 1),
(391, 1),
(392, 1),
(393, 1),
(394, 1),
(395, 1),
(396, 1),
(389, 2),
(390, 2),
(391, 2),
(392, 2),
(393, 2),
(394, 2),
(395, 2),
(396, 2);

-- --------------------------------------------------------

--
-- Table structure for table `settings`
--

CREATE TABLE `settings` (
  `id` bigint UNSIGNED NOT NULL,
  `setting_name` varchar(200) CHARACTER SET utf8mb3 COLLATE utf8mb3_unicode_ci NOT NULL,
  `setting_var` varchar(50) CHARACTER SET utf8mb3 COLLATE utf8mb3_unicode_ci NOT NULL,
  `setting_val` varchar(200) CHARACTER SET utf8mb3 COLLATE utf8mb3_unicode_ci DEFAULT NULL,
  `setting_description` text CHARACTER SET utf8mb3 COLLATE utf8mb3_unicode_ci NOT NULL,
  `setting_type` enum('text','file','textarea') CHARACTER SET utf8mb3 COLLATE utf8mb3_unicode_ci NOT NULL DEFAULT 'text',
  `created_at` timestamp NULL DEFAULT NULL,
  `updated_at` timestamp NULL DEFAULT NULL
) ENGINE=InnoDB DEFAULT CHARSET=utf8mb3 COLLATE=utf8mb3_unicode_ci;

--
-- Dumping data for table `settings`
--

INSERT INTO `settings` (`id`, `setting_name`, `setting_var`, `setting_val`, `setting_description`, `setting_type`, `created_at`, `updated_at`) VALUES
(1, 'Nama Aplikasi', 'app_name', 'eMonev', 'Silahkan isi nama aplikasi anda dengan benar.', 'text', '2022-08-11 08:18:22', '2024-07-05 07:25:18'),
(2, 'Logo Aplikasi', 'app_logo', 'settings/v7PDtYHqNTvUbRx0sq0Kkf0UdfWxDXC3ba3Y5nCZ.png', 'Silahkan upload logo aplikasi anda dengan benar.', 'file', '2022-08-11 08:18:22', '2024-10-08 03:51:35'),
(3, 'Author Aplikasi', 'app_author', 'TIM IT Bappeda', 'Silahkan isi Author aplikasi anda dengan benar.', 'text', '2022-08-11 08:18:22', '2024-02-28 01:20:42'),
(4, 'Versi Aplikasi', 'app_version', '1.0', 'Silahkan isi versi aplikasi anda dengan benar.', 'text', '2022-08-11 08:18:22', '2022-08-22 23:37:01'),
(5, 'Favicon Aplikasi', 'app_favicon', 'settings/UbLkcNMlQ5jCEtNjQZpy09ba3ZCCfVOb7R5F5l07.ico', 'Silahkan isi favicon aplikasi anda dengan benar.', 'file', '2022-08-11 08:18:22', '2024-10-08 03:51:35'),
(6, 'Deskripsi Aplikasi', 'app_description', 'Sistem Informasi Monitoring dan Evaluasi Pemerintahan Daerah Provinsi Lampung', 'Silahkan isi deskripsi aplikasi anda dengan benar.', 'text', '2022-08-11 08:18:22', '2024-10-08 06:03:42'),
(7, 'Keyword Aplikasi', 'app_keyword', 'monitoring, evaluasi', 'Silahkan isi keyword aplikasi anda dengan benar.', 'text', '2022-08-11 08:18:22', '2024-07-05 07:23:53'),
(8, 'Institusi Aplikasi', 'app_institution', 'Bappeda Provinsi Lampung', 'Silahkan isi institusi aplikasi', 'text', '2022-08-11 08:18:22', '2024-07-05 07:23:53'),
(9, 'Alamat', 'app_address', 'Bandar Lampung', 'Silahkan isi alamat', 'text', '2022-08-11 08:18:22', '2024-07-05 07:23:53'),
(11, 'Background Login', 'app_bg_login', 'settings/2pU8nYglNCMY2hPAFkwcEdlvZblAikPJaxQXq2NS.jpg', 'Silahkan pilih background untuk login', 'file', '2022-08-11 08:18:22', '2024-10-08 03:51:35'),
(12, 'Email', 'app_email', 'bappeda@lampungprov.go.id', 'Silahkan isi email resmi', 'text', '2022-08-11 08:18:22', '2024-05-23 03:54:14'),
(13, 'Telepon', 'app_telp', '0802834', 'Silahkan isi telepon yang dapat dihubungi', 'text', '2022-08-11 08:18:22', '2024-07-05 07:23:53');

-- --------------------------------------------------------

--
-- Table structure for table `tr_iku_rpjmd`
--

CREATE TABLE `tr_iku_rpjmd` (
  `id_iku` int NOT NULL,
  `id_misi` int DEFAULT NULL,
  `nama_iku` varchar(255) CHARACTER SET utf8mb4 COLLATE utf8mb4_general_ci NOT NULL,
  `satuan` varchar(50) CHARACTER SET utf8mb4 COLLATE utf8mb4_general_ci DEFAULT NULL,
  `is_active` tinyint(1) DEFAULT '1',
  `created_by` int DEFAULT NULL,
  `created_at` timestamp NULL DEFAULT NULL,
  `updated_by` int DEFAULT NULL,
  `updated_at` timestamp NULL DEFAULT NULL
) ENGINE=InnoDB DEFAULT CHARSET=utf8mb4 COLLATE=utf8mb4_general_ci;

-- --------------------------------------------------------

--
-- Table structure for table `tr_indikator`
--

CREATE TABLE `tr_indikator` (
  `id_indikator` int NOT NULL,
  `id_program` int DEFAULT NULL,
  `id_kegiatan` int DEFAULT NULL,
  `id_sub_kegiatan` int DEFAULT NULL,
  `jenis_indikator` varchar(50) CHARACTER SET utf8mb4 COLLATE utf8mb4_general_ci NOT NULL,
  `deskripsi` text CHARACTER SET utf8mb4 COLLATE utf8mb4_general_ci NOT NULL,
  `id_unker` int DEFAULT NULL,
  `is_active` tinyint(1) DEFAULT '1',
  `created_by` int DEFAULT NULL,
  `created_at` timestamp NULL DEFAULT NULL,
  `updated_by` int DEFAULT NULL,
  `updated_at` timestamp NULL DEFAULT NULL
) ENGINE=InnoDB DEFAULT CHARSET=utf8mb4 COLLATE=utf8mb4_general_ci;

-- --------------------------------------------------------

--
-- Table structure for table `users`
--

CREATE TABLE `users` (
  `id` bigint UNSIGNED NOT NULL,
  `username` varchar(200) CHARACTER SET utf8mb3 COLLATE utf8mb3_unicode_ci NOT NULL,
  `name` varchar(200) CHARACTER SET utf8mb3 COLLATE utf8mb3_unicode_ci NOT NULL,
  `email` varchar(200) CHARACTER SET utf8mb3 COLLATE utf8mb3_unicode_ci NOT NULL,
  `email_verified_at` timestamp NULL DEFAULT NULL,
  `password` varchar(200) CHARACTER SET utf8mb3 COLLATE utf8mb3_unicode_ci NOT NULL,
  `avatar` varchar(200) CHARACTER SET utf8mb3 COLLATE utf8mb3_unicode_ci DEFAULT NULL,
  `is_active` tinyint NOT NULL DEFAULT '0',
  `remember_token` varchar(100) CHARACTER SET utf8mb3 COLLATE utf8mb3_unicode_ci DEFAULT NULL,
  `unker_id` int DEFAULT NULL,
  `created_at` timestamp NULL DEFAULT NULL,
  `updated_at` timestamp NULL DEFAULT NULL,
  `deleted_at` timestamp NULL DEFAULT NULL
) ENGINE=InnoDB DEFAULT CHARSET=utf8mb3 COLLATE=utf8mb3_unicode_ci;

--
-- Dumping data for table `users`
--

INSERT INTO `users` (`id`, `username`, `name`, `email`, `email_verified_at`, `password`, `avatar`, `is_active`, `remember_token`, `unker_id`, `created_at`, `updated_at`, `deleted_at`) VALUES
(1, 'superadmin', 'Avril Lavigne', 'avril@gmail.com', NULL, '$2y$10$wG8pqlTJ5/qJGNCm8Ahx/.qs6xV29NPCfl0NUcu/.3CaAFS7frtEO', 'users/355E1lzftbUPLgzn6yjEJMPyVYpYwejxoSCKDdfT.jpg', 1, 'Jo2jCcB1dw83hD7fKPwiIqWiuLTDJLukLpjtP4QN94yOaZy9BpFeSK24owZc', 0, '2022-08-10 21:40:00', '2024-10-08 06:03:52', NULL);

--
-- Indexes for dumped tables
--

--
-- Indexes for table `activity_log`
--
ALTER TABLE `activity_log`
  ADD PRIMARY KEY (`id`),
  ADD KEY `subject` (`subject_type`,`subject_id`),
  ADD KEY `causer` (`causer_type`,`causer_id`),
  ADD KEY `activity_log_log_name_index` (`log_name`);

--
-- Indexes for table `failed_jobs`
--
ALTER TABLE `failed_jobs`
  ADD PRIMARY KEY (`id`),
  ADD UNIQUE KEY `failed_jobs_uuid_unique` (`uuid`);

--
-- Indexes for table `master_kegiatan`
--
ALTER TABLE `master_kegiatan`
  ADD PRIMARY KEY (`id_kegiatan`),
  ADD UNIQUE KEY `kode_rekening` (`kode_rekening`),
  ADD KEY `id_program` (`id_program`),
  ADD KEY `fk_kegiatan_unker` (`id_unker`);

--
-- Indexes for table `master_misi_pemda`
--
ALTER TABLE `master_misi_pemda`
  ADD PRIMARY KEY (`id_misi`);

--
-- Indexes for table `master_program`
--
ALTER TABLE `master_program`
  ADD PRIMARY KEY (`id_program`),
  ADD UNIQUE KEY `kode_rekening` (`kode_rekening`),
  ADD KEY `id_sub_urusan` (`id_sub_urusan`),
  ADD KEY `fk_program_unker` (`id_unker`);

--
-- Indexes for table `master_sub_kegiatan`
--
ALTER TABLE `master_sub_kegiatan`
  ADD PRIMARY KEY (`id_sub_kegiatan`),
  ADD UNIQUE KEY `kode_rekening` (`kode_rekening`),
  ADD KEY `id_kegiatan` (`id_kegiatan`),
  ADD KEY `fk_sub_kegiatan_unker` (`id_unker`);

--
-- Indexes for table `master_sub_urusan`
--
ALTER TABLE `master_sub_urusan`
  ADD PRIMARY KEY (`id_sub_urusan`),
  ADD UNIQUE KEY `kode_rekening` (`kode_rekening`),
  ADD KEY `id_urusan` (`id_urusan`),
  ADD KEY `fk_sub_urusan_unker` (`id_unker`);

--
-- Indexes for table `master_unker`
--
ALTER TABLE `master_unker`
  ADD PRIMARY KEY (`ID`);

--
-- Indexes for table `master_urusan`
--
ALTER TABLE `master_urusan`
  ADD PRIMARY KEY (`id_urusan`),
  ADD UNIQUE KEY `kode_rekening` (`kode_rekening`),
  ADD KEY `fk_urusan_unker` (`id_unker`);

--
-- Indexes for table `migrations`
--
ALTER TABLE `migrations`
  ADD PRIMARY KEY (`id`);

--
-- Indexes for table `model_has_permissions`
--
ALTER TABLE `model_has_permissions`
  ADD PRIMARY KEY (`permission_id`,`model_id`,`model_type`),
  ADD KEY `model_has_permissions_model_id_model_type_index` (`model_id`,`model_type`);

--
-- Indexes for table `model_has_roles`
--
ALTER TABLE `model_has_roles`
  ADD PRIMARY KEY (`role_id`,`model_id`,`model_type`),
  ADD KEY `model_has_roles_model_id_model_type_index` (`model_id`,`model_type`);

--
-- Indexes for table `password_resets`
--
ALTER TABLE `password_resets`
  ADD KEY `password_resets_email_index` (`email`);

--
-- Indexes for table `password_reset_tokens`
--
ALTER TABLE `password_reset_tokens`
  ADD PRIMARY KEY (`email`);

--
-- Indexes for table `permissions`
--
ALTER TABLE `permissions`
  ADD PRIMARY KEY (`id`),
  ADD UNIQUE KEY `permissions_name_guard_name_unique` (`name`,`guard_name`);

--
-- Indexes for table `personal_access_tokens`
--
ALTER TABLE `personal_access_tokens`
  ADD PRIMARY KEY (`id`),
  ADD UNIQUE KEY `personal_access_tokens_token_unique` (`token`),
  ADD KEY `personal_access_tokens_tokenable_type_tokenable_id_index` (`tokenable_type`,`tokenable_id`);

--
-- Indexes for table `roles`
--
ALTER TABLE `roles`
  ADD PRIMARY KEY (`id`),
  ADD UNIQUE KEY `roles_name_guard_name_unique` (`name`,`guard_name`);

--
-- Indexes for table `role_has_permissions`
--
ALTER TABLE `role_has_permissions`
  ADD PRIMARY KEY (`permission_id`,`role_id`),
  ADD KEY `role_has_permissions_role_id_foreign` (`role_id`);

--
-- Indexes for table `settings`
--
ALTER TABLE `settings`
  ADD PRIMARY KEY (`id`),
  ADD UNIQUE KEY `settings_setting_var_unique` (`setting_var`);

--
-- Indexes for table `tr_iku_rpjmd`
--
ALTER TABLE `tr_iku_rpjmd`
  ADD PRIMARY KEY (`id_iku`),
  ADD KEY `id_misi` (`id_misi`);

--
-- Indexes for table `tr_indikator`
--
ALTER TABLE `tr_indikator`
  ADD PRIMARY KEY (`id_indikator`),
  ADD KEY `id_program` (`id_program`),
  ADD KEY `id_kegiatan` (`id_kegiatan`),
  ADD KEY `id_sub_kegiatan` (`id_sub_kegiatan`),
  ADD KEY `fk_indikator_unker` (`id_unker`);

--
-- Indexes for table `users`
--
ALTER TABLE `users`
  ADD PRIMARY KEY (`id`,`password`),
  ADD UNIQUE KEY `users_email_unique` (`email`);

--
-- AUTO_INCREMENT for dumped tables
--

--
-- AUTO_INCREMENT for table `activity_log`
--
ALTER TABLE `activity_log`
  MODIFY `id` bigint UNSIGNED NOT NULL AUTO_INCREMENT, AUTO_INCREMENT=14;

--
-- AUTO_INCREMENT for table `failed_jobs`
--
ALTER TABLE `failed_jobs`
  MODIFY `id` bigint UNSIGNED NOT NULL AUTO_INCREMENT;

--
-- AUTO_INCREMENT for table `master_kegiatan`
--
ALTER TABLE `master_kegiatan`
  MODIFY `id_kegiatan` int NOT NULL AUTO_INCREMENT;

--
-- AUTO_INCREMENT for table `master_misi_pemda`
--
ALTER TABLE `master_misi_pemda`
  MODIFY `id_misi` int NOT NULL AUTO_INCREMENT, AUTO_INCREMENT=7;

--
-- AUTO_INCREMENT for table `master_program`
--
ALTER TABLE `master_program`
  MODIFY `id_program` int NOT NULL AUTO_INCREMENT, AUTO_INCREMENT=2;

--
-- AUTO_INCREMENT for table `master_sub_kegiatan`
--
ALTER TABLE `master_sub_kegiatan`
  MODIFY `id_sub_kegiatan` int NOT NULL AUTO_INCREMENT;

--
-- AUTO_INCREMENT for table `master_sub_urusan`
--
ALTER TABLE `master_sub_urusan`
  MODIFY `id_sub_urusan` int NOT NULL AUTO_INCREMENT;

--
-- AUTO_INCREMENT for table `master_unker`
--
ALTER TABLE `master_unker`
  MODIFY `ID` int NOT NULL AUTO_INCREMENT, AUTO_INCREMENT=435;

--
-- AUTO_INCREMENT for table `master_urusan`
--
ALTER TABLE `master_urusan`
  MODIFY `id_urusan` int NOT NULL AUTO_INCREMENT;

--
-- AUTO_INCREMENT for table `migrations`
--
ALTER TABLE `migrations`
  MODIFY `id` int UNSIGNED NOT NULL AUTO_INCREMENT, AUTO_INCREMENT=34;

--
-- AUTO_INCREMENT for table `permissions`
--
ALTER TABLE `permissions`
  MODIFY `id` bigint UNSIGNED NOT NULL AUTO_INCREMENT, AUTO_INCREMENT=482;

--
-- AUTO_INCREMENT for table `personal_access_tokens`
--
ALTER TABLE `personal_access_tokens`
  MODIFY `id` bigint UNSIGNED NOT NULL AUTO_INCREMENT;

--
-- AUTO_INCREMENT for table `roles`
--
ALTER TABLE `roles`
  MODIFY `id` bigint UNSIGNED NOT NULL AUTO_INCREMENT, AUTO_INCREMENT=14;

--
-- AUTO_INCREMENT for table `settings`
--
ALTER TABLE `settings`
  MODIFY `id` bigint UNSIGNED NOT NULL AUTO_INCREMENT, AUTO_INCREMENT=16;

--
-- AUTO_INCREMENT for table `tr_iku_rpjmd`
--
ALTER TABLE `tr_iku_rpjmd`
  MODIFY `id_iku` int NOT NULL AUTO_INCREMENT;

--
-- AUTO_INCREMENT for table `tr_indikator`
--
ALTER TABLE `tr_indikator`
  MODIFY `id_indikator` int NOT NULL AUTO_INCREMENT;

--
-- AUTO_INCREMENT for table `users`
--
ALTER TABLE `users`
  MODIFY `id` bigint UNSIGNED NOT NULL AUTO_INCREMENT, AUTO_INCREMENT=534;

--
-- Constraints for dumped tables
--

--
-- Constraints for table `master_kegiatan`
--
ALTER TABLE `master_kegiatan`
  ADD CONSTRAINT `fk_kegiatan_unker` FOREIGN KEY (`id_unker`) REFERENCES `master_unker` (`ID`) ON DELETE RESTRICT ON UPDATE CASCADE,
  ADD CONSTRAINT `master_kegiatan_ibfk_1` FOREIGN KEY (`id_program`) REFERENCES `master_program` (`id_program`) ON DELETE RESTRICT ON UPDATE CASCADE;

--
-- Constraints for table `master_program`
--
ALTER TABLE `master_program`
  ADD CONSTRAINT `fk_program_unker` FOREIGN KEY (`id_unker`) REFERENCES `master_unker` (`ID`) ON DELETE RESTRICT ON UPDATE CASCADE,
  ADD CONSTRAINT `master_program_ibfk_1` FOREIGN KEY (`id_sub_urusan`) REFERENCES `master_sub_urusan` (`id_sub_urusan`) ON DELETE RESTRICT ON UPDATE CASCADE;

--
-- Constraints for table `master_sub_kegiatan`
--
ALTER TABLE `master_sub_kegiatan`
  ADD CONSTRAINT `fk_sub_kegiatan_unker` FOREIGN KEY (`id_unker`) REFERENCES `master_unker` (`ID`) ON DELETE RESTRICT ON UPDATE CASCADE,
  ADD CONSTRAINT `master_sub_kegiatan_ibfk_1` FOREIGN KEY (`id_kegiatan`) REFERENCES `master_kegiatan` (`id_kegiatan`) ON DELETE RESTRICT ON UPDATE CASCADE;

--
-- Constraints for table `master_sub_urusan`
--
ALTER TABLE `master_sub_urusan`
  ADD CONSTRAINT `fk_sub_urusan_unker` FOREIGN KEY (`id_unker`) REFERENCES `master_unker` (`ID`) ON DELETE RESTRICT ON UPDATE CASCADE,
  ADD CONSTRAINT `master_sub_urusan_ibfk_1` FOREIGN KEY (`id_urusan`) REFERENCES `master_urusan` (`id_urusan`) ON DELETE RESTRICT ON UPDATE CASCADE;

--
-- Constraints for table `master_urusan`
--
ALTER TABLE `master_urusan`
  ADD CONSTRAINT `fk_urusan_unker` FOREIGN KEY (`id_unker`) REFERENCES `master_unker` (`ID`) ON DELETE RESTRICT ON UPDATE CASCADE;

--
-- Constraints for table `model_has_permissions`
--
ALTER TABLE `model_has_permissions`
  ADD CONSTRAINT `model_has_permissions_permission_id_foreign` FOREIGN KEY (`permission_id`) REFERENCES `permissions` (`id`) ON DELETE CASCADE;

--
-- Constraints for table `model_has_roles`
--
ALTER TABLE `model_has_roles`
  ADD CONSTRAINT `model_has_roles_role_id_foreign` FOREIGN KEY (`role_id`) REFERENCES `roles` (`id`) ON DELETE CASCADE;

--
-- Constraints for table `role_has_permissions`
--
ALTER TABLE `role_has_permissions`
  ADD CONSTRAINT `role_has_permissions_permission_id_foreign` FOREIGN KEY (`permission_id`) REFERENCES `permissions` (`id`) ON DELETE CASCADE,
  ADD CONSTRAINT `role_has_permissions_role_id_foreign` FOREIGN KEY (`role_id`) REFERENCES `roles` (`id`) ON DELETE CASCADE;

--
-- Constraints for table `tr_iku_rpjmd`
--
ALTER TABLE `tr_iku_rpjmd`
  ADD CONSTRAINT `tr_iku_rpjmd_ibfk_1` FOREIGN KEY (`id_misi`) REFERENCES `master_misi_pemda` (`id_misi`) ON DELETE RESTRICT ON UPDATE CASCADE;

--
-- Constraints for table `tr_indikator`
--
ALTER TABLE `tr_indikator`
  ADD CONSTRAINT `fk_indikator_unker` FOREIGN KEY (`id_unker`) REFERENCES `master_unker` (`ID`) ON DELETE RESTRICT ON UPDATE CASCADE,
  ADD CONSTRAINT `tr_indikator_ibfk_1` FOREIGN KEY (`id_program`) REFERENCES `master_program` (`id_program`) ON DELETE RESTRICT ON UPDATE CASCADE,
  ADD CONSTRAINT `tr_indikator_ibfk_2` FOREIGN KEY (`id_kegiatan`) REFERENCES `master_kegiatan` (`id_kegiatan`) ON DELETE RESTRICT ON UPDATE CASCADE,
  ADD CONSTRAINT `tr_indikator_ibfk_3` FOREIGN KEY (`id_sub_kegiatan`) REFERENCES `master_sub_kegiatan` (`id_sub_kegiatan`) ON DELETE RESTRICT ON UPDATE CASCADE;
COMMIT;

/*!40101 SET CHARACTER_SET_CLIENT=@OLD_CHARACTER_SET_CLIENT */;
/*!40101 SET CHARACTER_SET_RESULTS=@OLD_CHARACTER_SET_RESULTS */;
/*!40101 SET COLLATION_CONNECTION=@OLD_COLLATION_CONNECTION */;
